neuron,neuron_id,nickname,trust,milliampere,links_count,karma,first_link
bostrom1ymprf45c44rp9k0g2r84w2tjhsq7kalv98rgpt,0,mrbro,0.7871452025432187,11886925,118,7488477624244,2021-11-05T14:11:41
bostrom1ccvpcq9ffy0qd2ca8nmmpzfamtyjfc9znwak8m,1,posthuman-validator,0.7630196876434985,347845,82,616529945572,2021-11-05T14:21:04
bostrom1ay267fakkrgfy9lf2m7wsj8uez2dgylhtkdf9k,2,el-nivvo,0.9862826739894022,7878966,722,259388265795873,2021-11-05T14:32:19
bostrom1hmkqhy8ygl6tnl5g8tc503rwrmmrkjcq3lduwj,3,savethecyb,0.7837485323471715,7540357,102,3993291179746,2021-11-05T14:41:28
bostrom1mlqakhlxplhlezk80lph99wcy377j9dk2qx3gg,4,evangelist,0,135460,19,78482709539,2021-11-05T14:42:34
bostrom1d8754xqa9245pctlfcyv8eah468neqzn3a0y0t,5,mastercyb,0.9811306499679601,763177885,2348,22314471760000900,2021-11-05T15:07:17
bostrom1k7nssnnvxezpp4una7lvk6j53895vadpqe6jh6,6,jooy,0.9952678022772126,321899711,92350,30872905351174236,2021-11-05T15:20:35
bostrom1quchyywzdxp62dq3rwan8fg35v6j58sjwnfpuu,7,ðŸ‘¤,0,888948,1,25930189711,2021-11-05T15:25:48
bostrom1ke7kxdn29w2lrxt9dzusa6shvmwd8xm9gxm2zf,8,cyberobione,0.8634419486960688,12027188,15,265591920598,2021-11-05T20:47:06
bostrom1wm4026rxqcrkh09k806m6y4lys942etx5cjz9z,9,user9091,0.5002812615767352,64479,13,72398873464,2021-11-05T21:21:35
bostrom1en69twaxmv7xupy8lq7y539dpecx7yz8g0k8ft,10,cyberg,0.9383578959454573,28982100,1422,7245405056816,2021-11-05T21:22:31
bostrom15zs0cjct43xs4z4sesxcrynar5mxm82f0ykhl3,11,web3validator,0.862265391356856,3589562,70,2750062568560,2021-11-05T23:04:46
bostrom1g0ap9fvex93yzzj69uzl74942vjvq8e4f8xtyr,12,ggyo8888,0.9235832426644965,18187926,93,13804003203472,2021-11-06T02:20:23
bostrom1ffve0zx389ffl80ae9t8jmghcjuzdlqr5eayfd,13,ðŸ‘¤,0.948192418463236,26483599,6,6454981559566,2021-11-06T03:51:34
bostrom1679yrs8dmska7wcsawgy2m25kwucm3z0hwr74y,14,cyberacademy,0.9540622961639705,49575000,87553,747072306622480768,2021-11-06T09:29:05
bostrom1pjvkddp4fmx8ym5j7s7su8kn3zuqj255djzpja,15,deadblackclover,0.9831264393213967,1174603,208,248825227698,2021-11-06T10:08:05
bostrom14d92r4svhl4qa3g6q48tjekarw2kt67ngqn4lr,16,asadovka,0.6616201292883286,4050,9,7656238715,2021-11-06T10:40:50
bostrom12ysvrknuwdr6737fnc06v875whfh52xj3ewaf2,17,ðŸ‘¤,0.953984333468295,52576,10,59200548461,2021-11-08T06:52:56
bostrom15n3t80p7eseld809f7fu3s9tlcezlymkfeu59n,18,spectrum,0,163610,12,8563743126,2021-11-08T13:24:41
bostrom1r39n3w6nr48z3gggapfx9nmf4q5czlsj4524xa,19,0,0.27849312059417397,13775884,112,5113509930345,2021-11-08T18:59:10
bostrom18ghjkwygsvjcsh20tc5zzhfttxxuex7a9lq8ps,20,0xpussy,0.65317405374055,646610,10,48482778454,2021-11-09T15:43:12
bostrom1plt0hqnjktrc0c3yn5ru262ysrj7ulr7n4ttjp,21,kobos,0.7947979729248162,363,47,17204484002,2021-11-09T19:54:26
bostrom1mxf3s6lhhkaz3aqmps4hy9yufgg44jl7s6dl5a,22,sikenananna,0.2867204645461247,18174,7,2092327978,2021-11-09T21:03:37
bostrom1hvk7ng990qdghewjlqzej3a70vzvwfena048lf,23,ðŸ‘¤,0,12284,1,6408647200,2021-11-10T09:08:06
bostrom15xx4xh3p7f773ssyz25ydrk27g09cl7qfh75mh,24,ðŸ‘¤,0.9759070761416989,18355,781,708005439971,2021-11-10T11:25:25
bostrom1dxpm2ne0jflzr2hy9j5has6u2dvfv68calunqy,25,cyborg06,0.9556335681769818,8573930,60,104565560266591,2021-11-10T22:58:41
bostrom1nngr5aj3gcvphlhnvtqth8k3sl4asq3n6r76m8,26,maxim,0.8814933957583281,1222855,941,5762335383899,2021-11-11T10:36:24
bostrom1e20dl8se4v2ev79qcay3ag7uf5t98gampz0d48,27,ðŸ‘¤,0,7180,2,109786729,2021-11-11T13:34:13
bostrom1v2hk629tk686gz8zm9fuz6uvquney8rrr9f365,29,ðŸ‘¤,0.8609585091955818,6,27,0,2021-11-12T21:32:54
bostrom135ca8hdpy9sk0ntwqzpzsvatyl48ptx5j359lz,30,cyberdbot,0.6357728521516389,21648898,163,56316028095688,2021-11-13T04:27:01
bostrom1taq9pscnws852tfvd4vrtckztu0kttkkqzx8dv,31,bod9bod9,0.771181276666122,113144,34,23530406411,2021-11-14T12:22:43
bostrom1vqfltz5k3ds2wuppfwt397aakkx60escwxlyre,32,nesqchay,0,50435,8,1973373634,2021-11-14T17:22:07
bostrom1959r3zp37k9yuz8kjtc4feayyfkkxpcv43mu0w,33,ðŸ‘¤,0.8893811109639975,11000,26,3775714696,2021-11-16T03:22:39
bostrom1vx9qctuxswd6ydcv4z5pcuuvct7y9l0nqq799x,34,kostdimaa,0.9686868344801167,32964,123,62007062525,2021-11-16T12:33:21
bostrom134llrhdus60n7853fn3ulmx6uy7evsx3ltzstt,35,jaehaerys,0,1000,10,171166230,2021-11-17T08:09:18
bostrom1fn4ep44ud3edyh304ta38f55xd6pxswsw9e23z,36,ðŸ‘¤,0.036141877009645836,3296,6,333217322,2021-11-17T11:43:58
bostrom1gp5s4tetnk7ng49g58uhn2znfpmgs4cfdq4ns3,37,ðŸ‘¤,0,7212,2,110274001,2021-11-17T13:39:51
bostrom1huslr2wclf9hywr87vnp3hg7rtyskuv0t3g27k,38,ðŸ‘¤,0.03614523785058267,17360,4,24488390251,2021-11-17T18:07:48
bostrom158ddh954pzt3etjh0yqe8lp7ax0pz6pclqkm7r,39,cito,0,36063,1,552814485,2021-11-17T22:17:07
bostrom10f38dsc72f8v9fhr0qx35pv09z2gqmm43skup0,40,ðŸ‘¤,0.43893239351805086,224369,610,5374807507551,2021-11-19T08:12:28
bostrom1e3je4h3vkxywt2sf7mudelhf6zrx405yfgczkf,41,ðŸ‘¤,0.27225417415010394,1002,34,3986437873,2021-11-21T10:19:28
bostrom13hepw93y8mjcew7mfra5z7ju7k6585348dnux4,42,baddeepbeat,0.904306297511015,1213546,12,57006469642833,2021-11-22T02:40:25
bostrom1he6002lcfrf0yq9kp3lnrz0y7wumfr0q7y2ggs,43,tendermint,0.5893551624305956,13122,6,882301285,2021-11-22T15:09:47
bostrom1h3202mgfvn3wsc2qf4afkphymrl58xhkk6zwdq,44,dearnadia,0.596010646742637,2005,8,203896578100,2021-11-22T20:07:42
bostrom1h50x8jphk6q0ksc5djlfrd7sujs6jdcguclsea,45,earth,0.5962729427087069,40509,12,2756209610,2021-11-23T14:42:52
bostrom1p0r7uxstcw8ehrwuj4kn8qzzs0yypsjwxgd445,46,tetstnanme143,0.9246524307445656,145625,106,47419261151,2021-11-23T23:27:33
bostrom1yvlp9gzqaufwz02swp5wqsqhlmfcrcl8m22gzm,47,moondancer,0,324,2,96909436,2021-11-24T10:54:42
bostrom1htq7u8gy9muv4fk6st04524tdzy8rv04528gys,48,betelgeuse,0,28133,19,19771303017,2021-11-24T21:53:38
bostrom1p2da7jac0se3lwf4rf6uxf059ta4lk0xjnt3ks,49,gatesthree,0.7075272142049276,5466,14,4047826389,2021-11-25T09:48:29
bostrom13488q3gaddn24mpr7jmyav3yce2crduh5qsj38,50,yosemite,0.6730517855483144,42074,216,150474365477,2021-11-25T12:45:17
bostrom18d7jpa5q6we96gluuc767cacxzgq92xqwpae2n,51,zillinger,0.7650011194019227,13074,54,9785223140,2021-11-25T16:05:10
bostrom1a4krl6m7jg7ckczk94hh0wdlcezvpgwcwkrpcg,52,cyberpanda,0.7437194355799043,15080,17,2511549353,2021-11-26T02:03:33
bostrom1nfmvw8x37w00p3geuu8lrt3vt5kadxa5xd9us7,53,developer42,0.9780875225914285,4999461,27,1781830427565,2021-11-26T07:20:28
bostrom19wtkh935tx2ut2n4m6tjvkfvew4shaeezfl7em,54,elonamusk,0.9899820081519898,21091,1305,154141371215919,2021-11-27T14:11:11
bostrom13gdkmtt0pr3kjpczpmspkkryauyhxlxdrvmcxc,55,papamia,0.9993395134115594,33542,116,88029242996,2021-11-28T07:37:58
bostrom1mn8ev805fde2xswght0snwfayfj9tn54dt24zg,56,ðŸ‘¤,0.8539347998935728,8687,4,338079557,2021-11-30T11:18:37
bostrom1zx70t5xqc8h4kmvrssdc2w82v9ksw0r82a99av,57,mendelandrei,0.5103559689162626,220914,71,24789372318,2021-11-30T20:51:35
bostrom16xvct04s93m8hrm2uz3cl60c4gjmt4ljcw84m5,58,lnxelnope,0,162724,5,5376922414,2021-11-30T23:57:55
bostrom1m4tqkvw22zgl4w9nyzfeyccnk696r6w7g3g7ue,59,atomic1,0,363790,233,387912044786,2021-12-01T02:07:15
bostrom1snfk76yqeg9gcsjnk6gxqzhf29xz7pzq6lvree,60,medusa,0.9183039425210149,16335,1,2216237164,2021-12-01T02:19:30
bostrom1ghfaapsausm6kn9ush6wa4ggw6thvjgwz203lz,61,cybit420,0,10944,67,26656967146,2021-12-01T02:42:51
bostrom1zy3nxgwtw9hr99tzfaxasgwklm9ev843fju9zl,62,amaradumi,0.7559727259519495,59836,51,214395797422,2021-12-01T05:55:53
bostrom12736ed7frh0uxwv2tm29qz8v30fe03kqasjz7d,63,kimnamhkorea,0,52139,7,20983044193,2021-12-01T08:12:24
bostrom1hruemq3recacnk4k2pfj6vpuqay4awektk9m5x,64,ðŸ‘¤,0,21562,1,1190287904,2021-12-01T11:54:53
bostrom1ypsvuflcpdqr2msfqu3u77pqqspgl2htxfw250,65,moonmars,0,4029,3,108812904,2021-12-01T13:53:17
bostrom1xwazl8ftks4gn00y5x3c47auquc62ssuxcjfch,66,jabbey,0.8247128025565368,4892992,57,187257235795,2021-12-01T16:03:29
bostrom1nwkvkm2rwfm9wve2cl3h8gvs7cvcfhj2ss8hcf,67,ðŸ‘¤,0,8412,9,16676324463,2021-12-01T17:58:35
bostrom18czrj52dvu6w5sap4kgznpvez69dk7rl89z0al,68,sf1234567,0,31086,2,11397488834,2021-12-01T22:48:15
bostrom1ng7nu0yqg4vl747khhez4j383d8e9ehhxxxvgl,69,cocokorea,0.036210115268173304,200812,2,6009994923,2021-12-02T00:40:24
bostrom1wf7sx6gwptrgex3jg2fpljzs298z4gxp3ex3y2,70,dannyworld,0,103882,8,3210106572,2021-12-02T05:28:41
bostrom1mk2yasfjljrvrxrjwj5823xh6lctkjc9g0ffdp,72,cosmosnews,0,10074,7,591777436,2021-12-02T15:11:55
bostrom10gkcwjuhlh3dn9uw52h2yvktgz6g3ngxxlws68,73,thecopt,0,89667,7,1889135337,2021-12-02T15:40:34
bostrom1fc3vuu5sajwfqwjtxcsqf6vft0963lhx3vyf6w,74,ðŸ‘¤,0.25324055385393857,5635,4,454375589,2021-12-02T16:01:17
bostrom1dgjxwxtu4ztccvpke9v3xtqwjfxyuemydfcka5,75,sincitypsycho,0,59,11,847936120,2021-12-02T18:15:42
bostrom1r9mekllcz0fqdt0w2lstckw9exxtvzpq5mldaz,76,bullgoose,0,33234,2,2084995470,2021-12-02T19:19:31
bostrom1k3mx9jm3wlpckkwgm3jd2e6ng9p9926yh0fhvq,77,ðŸ‘¤,0,14,1,214064,2021-12-02T19:37:00
bostrom1jpm5amugqhyrl5y036f3h8cev3vrldunkg7ad9,78,drbob22,0,2033,4,79314701,2021-12-02T20:21:43
bostrom1zp402njf3zyhjzesjmkmeryshrs7xn2rxlvgs9,79,cryptonio,0,56098,1,272727969,2021-12-02T20:53:42
bostrom16macu2qtc0jmqc7txvf0wkz84cycsx728ah0xc,80,dimakorzhovnik,0,15044501,6,69378771598,2021-12-02T23:17:23
bostrom1w4548vrnvc7t9j2ly55nvkjvhwqt9thnfcvuw6,81,skimanner,0.03606001639143059,445797,70,305041458977,2021-12-03T11:21:23
bostrom1wnpak7sfawsfv9c8vqe7naxfa4g99lv77d7c0z,82,citizencosmos,0.9889663951004156,238787810,403,94363497301117,2021-12-03T18:10:17
bostrom1xuwl7x8htyl26t7pe3l0x6auj3j9jwd2p9ewnz,83,astro-cat,0.43336562962507125,1611350,2314,18582734628513,2021-12-03T20:36:51
bostrom14cmqu4yvwg6phheusfd2gpggdx582203pvmtyw,84,artibar,0,16051,2,246060246,2021-12-03T21:21:28
bostrom14tk96pwx6lk25f740m4jzx85pkhfvldg42te4p,85,ddadmin2009,0.7619192766712821,2726,223,44954070905,2021-12-03T22:58:05
bostrom1xz2dkqrnrvq0ezc0vxtcvhwy39xr63vxzfedsr,86,ðŸ‘¤,0,1000,4,30157873,2021-12-03T22:58:17
bostrom178n8r8wmkjy2e3ark3c2dhp4jma0r6zw6uzx9d,87,lordginge,0,4383,5,159933894,2021-12-03T23:47:24
bostrom179l49cwfczsy6g3puzw0wlcl7fksxwl0gxmh4z,88,moonboy,0,80171,2,1399300647,2021-12-04T13:17:39
bostrom1xxzc8awwllqq4waxtej8u8vlyr89lmuynt3xjr,89,tokyojoe,0.26221293307457216,577563,4,13131168381,2021-12-04T14:01:07
bostrom1zy8knphzhf9u8xeyjc6k3eps96q48hlmj03zsk,91,laurentiu,0.69072973192266,380287,69,1143876157274,2021-12-05T13:43:13
bostrom19uwgsmnnx2ku3xenfvkjwglzu0x4w9fpws7pzk,92,fruittim,0.9849133513494689,,236,0,2021-12-05T14:53:29
bostrom1zvgyalpnjs0838tzmnk4panj200yjy6ay8cadl,93,finduilas,0,3058,2,258337323,2021-12-05T15:42:02
bostrom13e6svcf0dy58ee6z7s8d5jjmt92jz67kqlzw0f,94,srisri2020,0,147676,76,166599133496,2021-12-05T17:23:38
bostrom15f6nvuqsun8ky9tz57dhphleta68hu3p8gn579,95,moonteahouse,0,8526,4,836584815,2021-12-05T19:06:51
bostrom1k6udtfc90k8h04aqdp2e69udd52z80lpyejqwn,96,ðŸ‘¤,0,4013,2,181438603,2021-12-05T21:10:11
bostrom1gjvxngf5f8y399m03z0pcsj72u024vugmp7u02,97,wormbloat,0.9357817851647993,43012,67,214429218476,2021-12-06T00:23:21
bostrom1yvwjyl887wu9k34ggk6tjmw7sv42sx2zekc5dm,98,moooooon,0,18112,7,5349532708,2021-12-06T02:18:48
bostrom1r7lah5y3qyq453hqfgmxl2y0s5wesh09huykuq,99,dumbcrypto,0.6153275571023896,2021,15,3248383603,2021-12-06T09:30:55
bostrom1y2ptynyf78vjl7agjj7e7x9t2k3gwgv5snkkcj,100,prometheus,0.7786441024567183,442,22,729244316,2021-12-06T10:45:11
bostrom1zmsts6u08t2fp02vs7xpe7csx6hqv0hdscs72t,102,borg1999,0,12025,4,211688075,2021-12-07T03:49:28
bostrom1l8hx9jxul439uyjve4zn45nujtx9gmrw3za3vs,103,ðŸ‘¤,0,12857,2,1733050913,2021-12-07T09:00:01
bostrom16lvj0lyr6897zr2n8psa2esv09ewaelcx8vry7,104,kayroskhronos,0.5575182072864174,87729,265,232734983334,2021-12-07T16:28:20
bostrom1eljj8h8wc9me90s740qrl9n6slvn78lgl3det0,105,cosmosgooby,0,21918,4,2208602210,2021-12-07T21:43:36
bostrom14nzyt8wmx4g6zkeluelukamgsh5v4xgnc25k6j,106,savetheales,0.9347859832773421,16849285,5,12362693245160,2021-12-08T11:03:32
bostrom1cg79pj70mgl8xlum0rw5yy6enk9jszsrzvwysn,107,mrlp4,0.8987263790629983,19934605,23,16349979252284,2021-12-08T13:15:52
bostrom1jsxrctttevv46w0wy27q20m2l3nc67v8g3xgj7,108,ðŸ‘¤,0,3010,1,226127321,2021-12-08T16:42:18
bostrom1jnpevf3zg3wc3vyqssxu96lz899g00skajgqra,109,13dedale13,0,775,1,11879533,2021-12-09T07:49:58
bostrom1qn8sr2hzmktlecusdtxj9hwj0upnm0jft9snar,110,master,0.39890871811115525,642880069,14,1089532068701278,2021-12-09T08:51:06
bostrom1pntx8ql2v7cqxu05etg8c4v0r2vz7qnq9uqmpy,111,superhuman,1,133070458,12,332070942819865,2021-12-09T10:27:02
bostrom1j74acake6d2mfx4ra4rx6p7cuv2z8x8qva6yrr,112,habibi,0,13331,2,1018736029,2021-12-10T12:00:52
bostrom1qau69grxwfp9sw9c7unpmsz7rmyc7u5ar3metc,113,ðŸ‘¤,0.5988314543867536,281073,1,14150666385,2021-12-10T12:47:11
bostrom1ux3j2h446q9yf5dvsw4mwa5fnf07ja9v4l5uxc,114,ðŸ‘¤,0.8539762336417812,10084,9,1616172786,2021-12-10T20:33:03
bostrom1tf3jl53fuctqx8s3p57vkhrc9l7tptfzzveztv,115,freddyissad,0.03211562431107233,11146,5,757742007,2021-12-11T04:36:15
bostrom1yke8cf6586jy209a90ev0lr9ks8ffjts2hs6u9,116,554444553545,0.45406705295114036,735249,7,398106854882,2021-12-11T09:40:25
bostrom1he0f64czkyhs2fhlp585sfpac6vg89xr82hdtv,117,octavian,0.8116848977060389,1271,73,101751199801,2021-12-11T15:03:17
bostrom1kkwwsk0v4h7tmccr4sdmpyl2j2gvfah6jzw7n8,118,ðŸ‘¤,0,7458,1,114324666,2021-12-11T15:56:00
bostrom1jw57e2wdv4sy3pnhnuukmty9hlwpsyupnyx5pn,119,moonballer,0,60425,3,2835875914,2021-12-12T08:35:59
bostrom1h6f6hlyzchw6wghxlmyhezu5yswsh9fa499mwg,120,juncuirina,0.9160889493890906,161819,57,122765094102,2021-12-12T16:51:41
bostrom1n5flpdy8zkdahru6rqtj26cf63h2cgszqmxy86,121,moonian,0,1964287,2,30035172179,2021-12-12T17:57:07
bostrom17mkmt2qcsj8aygk6tykwqpa8uvl3znxsy5r7uv,122,aleks,0.8208788794776439,87604,27,7146386398,2021-12-12T22:06:18
bostrom18naxcfp2s397a2ucav2m53f003uylk3qz9fvr7,123,papsan,0.9089469945287317,7050604,29,146412201563,2021-12-12T22:08:42
bostrom1lvkzyfaqjn87cfl65a55nuqt8u6uhnyuvhp8kr,124,ðŸ‘¤,1,3811760,2,1350827187,2021-12-13T05:45:37
bostrom1a33utnq4435anmxfhdqe5dye4e3adzs3duazep,125,crypto,0.5953649623450342,73578,1,3694656428,2021-12-13T10:55:03
bostrom19ys53t55r725j882gjcrnf7s449gdrds3h2hu4,126,developer,0.8540619916530258,4558124,15,86532832263,2021-12-13T11:06:04
bostrom1hds70dwtgawhrhdj2utvf8r7axjmre70pfdh37,127,stels902,0.594162831891407,4812,17,1215683499,2021-12-13T17:38:28
bostrom1pvz6pwchap2qkknf6a66aqzjmr4jd4tfee7aah,128,tochtoch,0,1,22,0,2021-12-14T01:53:39
bostrom1ewmayyze0svkhhsq7gs5yc9gv8uezn3tusd97t,129,pyramid,0.953701268133063,401836,60,18408686426,2021-12-15T07:03:01
bostrom1kwwp7f5pszyxr39whf2rwm7gly596mdw5gmmf4,130,castigaojetes,0.8672345640149328,84166,55,242855980101,2021-12-15T22:14:17
bostrom1k7cl9ya9qq30c7m4rvg3823hrc8k80eetqvhj8,131,pervykaganat,0,177651,46,136694863952,2021-12-16T00:12:51
bostrom1xt352n044y3tmxyugun6fv9uahxa23se6w6tgm,132,ðŸ‘¤,0,3018,6,3848579683,2021-12-16T08:00:25
bostrom1s2a7rckcky6jmhncxwy0xtwf2ymg87puk6jpzz,133,fftod,0.7026228637557637,2384725,13,83934907922,2021-12-16T21:15:40
bostrom13asy9mt0fmkl80g9csg9mzkvfxj99d42mdugdz,134,austin-banks,0.6590808422819883,100441,7,4896798924,2021-12-18T19:05:36
bostrom1p564laxxk8x737qsj8z6m70ma369xy7eq7hcw8,135,lvx90ita,0,226705,2,7425097460,2021-12-19T11:11:20
bostrom14zgdky095s22hkagq6ljhy79xhsml40hcht9z9,136,toni13490,0,29549,20,12186262962,2021-12-19T11:37:53
bostrom1n6uyhxfuzr8tax5hwaqlc0gyuuvgx9gjuk8uy6,137,piroca00,0,4027,3,188467155,2021-12-21T13:26:57
bostrom1lnkg57t7mvg5mcl7kdkevtgr9wlf6f9qtp86sk,138,spacevalidator,0.8998791881924241,5735006,12,150698728291,2021-12-22T14:05:54
bostrom1nvr4qa7szsd3e7xfysn946gcqv5wyemlcxmxpw,139,forthefuture,0.9235293426787722,1425500,14,47558810704,2021-12-22T14:18:11
bostrom14u4pwq4vp5evwqlrz5au8khw9d7hhsuc3cn6pc,140,bostronaut,0.03295824538401653,8348,5,401997700,2021-12-23T22:16:33
bostrom1fapqgamx3c8za8d3z56sydjtjygyu0ly752j8g,141,dabitfather,0.8750125593392928,1761511,17,335442695717,2021-12-24T01:50:45
bostrom143dfs4ur5gjvwgx8l54jjz27rq57us0zz3hqj0,142,ðŸ‘¤,0,1000,15,13639911110,2021-12-24T14:30:43
bostrom1j39uxls4clq76ej7mk2tdskvql2tdp2zek8g89,143,ðŸ‘¤,0,1000,2,544143061,2021-12-26T21:21:20
bostrom1v66dh3mv5eywxh0yuftxyyk2lue9yzxanxf44x,144,ulucyb,0,203074,4,17403522647,2021-12-28T05:59:50
bostrom16gp3yf6764v4gsc2re3ugyrfpxwwv7nqe76hl5,145,kinszki,0,17099,11,9027484232,2021-12-28T07:57:56
bostrom1j9f4muf7t5n70f67j8hgyp3nf833ff2p5lsd4u,146,ðŸ‘¤,0,1155,2,37895064,2021-12-28T18:26:21
bostrom1pvcm3nx4qtuljps2uu6c7teaqmzr9jvlwj9hks,147,tkboot123,0,14794,3,692497424,2021-12-29T09:06:02
bostrom12y2l4wfnw2fvw82yj2s4mjn9nv2wz6du3sh8gc,148,ðŸ‘¤,0.03614426053472216,10979,3,512996094,2021-12-30T16:37:21
bostrom1jjrqqlrcr308dg9adwkjrm2kn9ws2gkg4nnfuw,149,psycoach,0.8163042757459141,6135910,715,16697846035353,2021-12-30T16:39:50
bostrom194tu69vc3uhrn4dplxnrryuztqd7slv4aey6ps,150,ðŸ‘¤,0,25879,5,4448659895,2021-12-30T16:52:57
bostrom1r89rhnhg5e25fzxd6wqfz6eplzqw7t9dql32l4,151,ðŸ‘¤,0,73508,2,4053087540,2021-12-30T17:07:34
bostrom1l6yzpysst9ky3eegx270jzn96e444e5l3utu0g,152,paulenessak,0,10170,2,637997038,2021-12-31T16:04:33
bostrom1fkwnrnmqzgnr8vvjw7eudv6j4ggvft6t9e39fz,153,daddyxep,0,5467,5,290989713,2022-01-01T01:22:09
bostrom14pghfarja6a9q93ug9hfsuc7w6fs46kln4d26s,154,bclimin81,0,2344,15,50657322,2022-01-03T02:00:52
bostrom17najgwt7l2jelehffje0t9n7az9s288ep96534,155,stephen,0.7707935536724426,104597,24,259110723191,2022-01-03T13:06:44
bostrom10zr5rvwjghe97unzjg7uzgm8rpym9e2thmlnh0,156,librenetwork,0.03496294677302304,131238,24,43205656276,2022-01-04T11:07:48
bostrom1xflmsjaxtljahaf6wlgkr565p9jwssef7jdfxk,157,abcdefg564564,0,16590,4,647476513,2022-01-04T18:56:43
bostrom14y59mu86g6tfrjk75xe3h5h3nnr60nlegakzu6,158,kotlasr,0,1000,47,6129218789,2022-01-04T20:05:57
bostrom1mk9gdnjjn29l486mq68y6p98e2jjyln0upxnf9,159,shr123,0,2000,43,11485684618,2022-01-04T20:14:17
bostrom12yt0kgzv75sr6lsjwy6c7x73svjxa8u22eklyn,160,ðŸ‘¤,0,4547,8,1459834697,2022-01-05T05:46:03
bostrom134c3cg4m9mhak7d4q936etvmm6w8wsp20t7xxp,161,jackx4603,0,304,5,14885126,2022-01-05T13:53:11
bostrom14eqgrtjzqkg76q6k6thh8xrmf6tea2gvahxgfa,162,snoopblair,0,11618,26,256505679,2022-01-08T08:10:21
bostrom1hmdjgtv3yq4qzyuk3ynyt42sjntma8hqarepjd,163,8bablou8,0,115653,75,21183639263,2022-01-08T14:10:45
bostrom1gywad2frusetg26dyh83cfaevacravashyjwg6,164,ðŸ‘¤,0,28417,7,1986655138,2022-01-08T19:41:11
bostrom1ewu290xt5fhfz23jk34rq266ymzp6he6klmqkh,165,valakaries,0,37512,7,985431235,2022-01-10T08:53:18
bostrom1xzdh38v4slstvvncc7kzsuu9uuymrxte6apv5k,166,raymond,0,63,9,316176632,2022-01-12T04:40:15
bostrom164ahe0qjnq9d7qkvj7pqrk7pt83g0t709rmmnt,167,ulvsblakk,0,85,3,347994273,2022-01-12T11:52:50
bostrom1sfecgc5rsddpgz9v2drajqdv8vsl69wkyn83ch,168,grafdragon,0.7704019440546046,83472,5,3516324651,2022-01-13T18:19:07
bostrom1qcl8m4qje7qm33am779ynx2te9dp3y58mdx2qs,169,pjhooker,0.8777534464578505,3095,21,1524948019,2022-01-14T17:14:59
bostrom1s7gu3a88cvluc82jgk6p9h4cfc9l6yfeezptj5,170,bittybitty,0,2032,4,225128627,2022-01-14T20:13:53
bostrom1wtcp7m7589vdmsse30rsrlt357dwy0qylhatfl,171,flarnrules,0.8724208010396368,42307,327,2485955442068,2022-01-14T22:53:35
bostrom1r8pmwwnprvykp78ggd45ulecd3puryw5dgk0mc,172,greywolf,0.6395587501661942,73823,29,11676670095,2022-01-15T02:45:03
bostrom1ysn8jyjv464fv4wpt40vezh7d5tw05tc9v858t,173,ðŸ‘¤,0,55492,2,2711226469,2022-01-15T12:45:15
bostrom19e7r4fvfhpgzct0sscfvatg0klv5whpsung02q,174,ðŸ‘¤,0,20020,1,1500153571,2022-01-15T19:54:27
bostrom1q5wva3rd2sk8alhkg0v4yzc2cw8d8920rul34w,175,murbles,0,11306,1,173311165,2022-01-15T20:28:22
bostrom173pn5d5lct5xkpx9l85ww8p97c8ssge3qk9ldp,176,zlobnuj-kriptoded,0.6040491904919469,23862,162,1947492727728,2022-01-16T08:44:30
bostrom1jtmdnure6hvjew2fdsrg4g6vlmd87ky4uvzaus,177,ðŸ‘¤,0,901542,22,189690450129,2022-01-17T01:32:09
bostrom18j0adn0l606srstepmsje7k7v6cavt5u86g0a3,179,demianpedro,0,58003,7,2255012023,2022-01-18T13:41:26
bostrom1dy69x4ls39u5kmmu7tcjye9jnrmh6g6m7jyhcp,180,johnripple,0,128896,10,19930321688,2022-01-18T14:07:23
bostrom1fe6v77cwtxlxs74r09m36h8wm4e0ely7ah9u76,181,ðŸ‘¤,0,47051,8,2514294138,2022-01-18T20:15:33
bostrom1sl3jy9580xdpqzy645l5f0r3p83evljvpmue2d,182,mitichi,0,23116,34,417821694,2022-01-18T21:20:07
bostrom1k3c3mcn9rlts9rcvqxykmguaqlzwzkw9z3mlup,183,ðŸ‘¤,0,9678,3,1351662281,2022-01-18T21:20:36
bostrom1vzzxk5knha3s6wdeqr2vcac83sa028dwlj8h49,184,aenigma,0.888799805727936,4528,60,688262668,2022-01-18T22:16:35
bostrom1ad2dnt94xnp7a7s4p5jgssevv8ktx9mn9rhdaq,185,ðŸ‘¤,0,7590,3,266950439,2022-01-19T00:16:01
bostrom1ftkw5j528j94cajk4rvqum3k7mhhmpvyc8k7yg,186,ðŸ‘¤,0,22145,4,1170846275,2022-01-20T15:12:04
bostrom1gwlqmqc9nrnuu8fanls76exyrzum9xjm88p9sk,187,ðŸ‘¤,0.732880220598079,5322,5,219122606,2022-01-20T16:22:59
bostrom1jdmfxzpnqqlhjsju3mz7qsgvvdparw5acx7t62,188,alinode1,0.9916694227737985,52467,5,17424753455,2022-01-20T19:45:49
bostrom13er6djw40xer2syx4qfw3fcl9fantzs3alntg4,189,ðŸ‘¤,0.7707882994765833,3067,3,129670601,2022-01-21T09:54:39
bostrom10c8znaj94y900syues06dz50hw6y9qpkhunn25,190,ðŸ‘¤,0.7525006854882669,5660589,2,185855175962,2022-01-21T19:45:44
bostrom1l86pcy2avrvv8knpm637092juytemr035w3xre,191,patattack,0.9367858400804834,106448,152,55783283299,2022-01-22T14:25:16
bostrom157fl3df9c308lrv0mx290gd4vnk2st64gv2sq5,192,cybermike,0,18574,3,869432582,2022-01-25T14:46:20
bostrom1qctsnew9jprsk2jdngu6ddemgd3h4f49mqjxfj,193,mehrabkaveh,0.9579620838698064,19095,7,426500960,2022-01-25T15:28:31
bostrom1ex2qkat6r30lpat0m67al0479kynsu8k2lsrgj,194,ðŸ‘¤,0,12216,2,186790346,2022-01-25T15:31:57
bostrom19yyulmnkzwyuq9tzfhy4vdvftp0dsdvccpkja6,195,777stakes,0,177665,19,3833276202,2022-01-26T14:23:15
bostrom1ctr7hk5l2gkh7wh5dyukal3vyh35ryh6lqnvak,196,cosmoscyber,0.3841778910006187,75337,833,3990412279041,2022-01-26T18:29:47
bostrom1sgy27lctdrc5egpvc8f02rgzml6hmmvh5wu6xk,197,prophet,0,98634,7,12501407641,2022-01-27T03:00:15
bostrom12x4lu5ma6cuqzqys48fmm2fq5ttpzcr830e2gn,198,nomadamski,0,3513,4,136726785,2022-01-27T15:28:04
bostrom1nlzzq4uka2qtumvq3shcwfzqn2e8c244763c9u,199,ðŸ‘¤,0.4496674880811286,643,4,26618615,2022-01-28T10:24:22
bostrom1mpc0lk2xnq32r477upqxf8x3k65ke2fmxsxrek,200,ðŸ‘¤,0,5019,64,2652018635286,2022-01-28T21:52:53
bostrom1q8ajen3vu5v5uu4czkvqasqvw827dz2nqq6d0s,201,ðŸ‘¤,0,37226,6,8512304777,2022-01-29T10:33:35
bostrom1wny7fkhnyjr0rxs4jgy7vwxaeu0r5fqtucryuf,202,starhit12345678,0,244,1,18310655,2022-01-30T12:00:39
bostrom1ezqvp6aga74ms7jqrfwhrm7266sn2m50h9jszp,203,ðŸ‘¤,0,5385,1,404518653,2022-01-30T12:04:48
bostrom1knpgev72f2empt8j8gcn24my8kdasy2lcezjea,204,ðŸ‘¤,0,30971,5,1912650036,2022-01-30T16:32:08
bostrom107jv9wtq5mwhgwktnl8hhktl2kvegglt4gd94p,205,wef4terfdfg34erd,0,2733,1,205306502,2022-01-31T08:58:13
bostrom1ycgscsjwxkth6e8g5477uhmene76vss2q2qf60,207,ðŸ‘¤,0.4677958581421147,2007,6,3797922619,2022-02-01T05:06:21
bostrom1mln0yvsm653nwyw3qaedhf2s38tagy5gz44fc5,208,ðŸ‘¤,0,4881,1,74632196,2022-02-01T13:35:46
bostrom1ps6f67034fp22nqpvkur5pry039nfjpu0467hc,209,habibacc1,0,69810,1,1070247089,2022-02-03T20:24:10
bostrom19th4mpzlkajy9gtw2uq26u7hlvsyh7rxszl7gf,210,ðŸ‘¤,0.9767843259934131,150668,17,208550810302,2022-02-03T23:51:53
bostrom1fw9cce25jpplawtyjxu2gf57u96t38ukpnklzd,211,yangoz,0.890223334061263,32,46,0,2022-02-04T19:04:50
bostrom1zm79pz6s5tvf4dsxv2vg45hnee8hynsvtluvta,212,rhadamantis,0.993332803721029,1655143,13,282500406,2022-02-06T10:01:09
bostrom1e20hw2pqcgxvumkwn2qeeavcrswzskzjhr2aq0,213,wndrfl27,0.04436966459525744,19077445,2,624831855619,2022-02-06T11:06:07
bostrom143arzgpu4xww7709cgunfghhkgrgeg5avhnkqk,214,ðŸ‘¤,0,23435,1,358335934,2022-02-06T20:11:23
bostrom1f2806fy3265l8uylx993l8q7qleqvz8p4n03ku,215,nardholio,0.802313452210102,148,7,664560094,2022-02-07T03:51:54
bostrom1z5tq60s9zxu339j9pvdud4qeaued0xptd0xlj8,216,yoshkar-ola,0.44673640951461063,9346,5,692801137,2022-02-07T20:32:44
bostrom1ydc5fy9fjdygvgw36u49yj39fr67pd9mv67ety,217,ðŸ‘¤,0,14932106,1,228903314226,2022-02-07T21:18:54
bostrom1h9k38zr5a532jzl0hsker9qz785m822zmqw974,218,joooobvyt,0.8938939927629868,12279,1,618078819,2022-02-08T05:27:12
bostrom1qpvem7qvpygc87e0aqtjqz6lx7r3z35crc80ra,219,ðŸ‘¤,0.8668550412198144,26390,24,1159688458,2022-02-09T15:30:39
bostrom1nn879nanadz3v2u98halnyqlazxj66dadte3qh,221,crptomoon,0.2853638224519843,69975,4,5500838004,2022-02-11T10:19:46
bostrom180fg87w9ee0cvc35uf8m7zmnnnnhdx72pf3tkr,222,jupiter,0.5183720523575133,251902,8,108584181701,2022-02-11T10:29:03
bostrom1cx2xj6gw4we6jxxq2s2nc8lfxwwcvejmzaa9nz,224,oracle20,0.849760956739411,58285,2337,5778645113843,2022-02-13T14:00:48
bostrom14qtapaem0rcj2h9gp5r7q32mq9sh5cs3wlvsn7,225,neutrino,0.5961104204433767,12216,86,87810122800,2022-02-13T14:24:12
bostrom18ct84ud7q8xqhxvt3q2ddceqg9kq2aknkzv4re,226,ðŸ‘¤,0,5183,1,389348351,2022-02-14T03:44:14
bostrom10905rstxf5tzj0w6gguaa76ma7s32v48um4w9z,227,godas5,0,5156,2,270719348,2022-02-15T09:18:21
bostrom1pwza48p44cu9caawe47kvlzqcjzcuhkmdr0x2k,228,ðŸ‘¤,0.8129039278494598,6085,1,306342857,2022-02-15T22:49:43
bostrom12uk22nzee0hgahzttujcdce78ax627asyavm49,229,crownprincemac,0,10033,4,112062085,2022-02-15T23:42:37
bostrom1xjl2znf8wk7x863s4t9684xv6wzqa7p8jpahdc,230,radmadical,0,4073,4,1252855629,2022-02-17T05:55:52
bostrom1q575aefpfz40nwrgz0ydcghqavj6cfweg9z2yd,231,georgv,0.7817165865559083,3852,9,1368485257,2022-02-17T13:17:07
bostrom12kpw3e9ypjal6upmju9smwgjhwefpt7v9u964z,232,stigganod,0.8174131043413541,2046,18,940111115,2022-02-18T21:11:54
bostrom1mrkm5xpfddl395dr429het43x7e840fwcs9dx8,233,stormtrooper,0.9749834134228506,171709,3422,15870624486742,2022-02-19T17:15:16
bostrom10wu2vcpe7nven4udxvmwn3pz5cl4c9hr7nlwd0,234,qutaiba,0.927338637820338,188818,160,70127807028,2022-02-19T20:04:56
bostrom1dr6vste7y55p0hza4c3mjm60n7k2l4alzq6mnp,235,ðŸ‘¤,0.9786753013752387,32015,169,2500670854837,2022-02-20T03:34:31
bostrom1clr05sms7eklm509ger6jdzhgheafskv4wwxrg,237,ðŸ‘¤,0,38735,3,17194713599,2022-02-20T11:02:20
bostrom1tu5zhg6nevua8kultg98t8d52ftwd8zk0xg63s,238,cybeer,0.5943232355231423,22267,4,1788774974,2022-02-20T12:50:51
bostrom1up7p4uhgzfzrk6fnqjes0wty9rv7q0yxhaeamq,239,hellcat,0.9571335586537979,33022,2,1084255942,2022-02-21T03:53:27
bostrom1cfml6hhz8zsk427uk3ykfl5fngqanulpfmvwnt,240,kimerrrr,0,29,3,14852131,2022-02-21T13:11:38
bostrom1trlfscrmrf7700lzuqmtr9kwejzu4na3ucgzvv,241,wiriyasl,0.7163993636986644,7931,88,68270485482,2022-02-21T17:48:15
bostrom1hdm6h2qvst5z4au2jrt5yfpn2ptzj33cugv37w,242,identity,0,20321,3,310684613,2022-02-22T00:23:46
bostrom17f7fgvm8hnvkpx3qcwaf0hsep2y8vnsq6fj0gv,243,ðŸ‘¤,0,6292,25,392083068433,2022-02-22T14:57:36
bostrom1vrym7t34gs9t2dkd8z849zcymkj54kgq7pdf8z,244,marsel,0,199245,115,3775820208,2022-02-22T18:05:24
bostrom1d56jv9mvz4l4w6fq409xqw6q4xp780pu5p7ahn,245,ðŸ‘¤,0,46,1,705124,2022-02-23T04:59:56
bostrom1z4mr2jta0vfx8hxustn0hhsnmjlek04dxzqa7c,246,ðŸ‘¤,0,9510,28,6615684418,2022-02-23T10:23:55
bostrom1synt8y03nfk397thzel6szsq9s53uf5ralswf8,247,ðŸ‘¤,0,368552,2,8200396838,2022-02-28T05:17:59
bostrom18cp2493zclaac4fdhgrmuyd2l7whgxpkc6kghq,248,kelvinyasu,0,393851,1,6036990946,2022-03-02T22:48:17
bostrom1v5x5vl4c0zjua37ymqjy4267fy9m6x8yvzvkfp,249,cybergudwin,0.9220925183918457,131000,4118,29605478733918,2022-03-04T03:22:37
bostrom1p36r9qtjvax602d9clsyxwx5wzl0syvxuutjnj,250,shantiledgar,0,4144,7,63522516,2022-03-04T04:06:55
bostrom1rjgj2wmzx7664j3ceyaj9fx385s2ryfwqc87fz,251,gmworld,0,18257,6,799244149,2022-03-04T13:06:01
bostrom14499j6m6zp98njnammn6rfjd369l9zgrwn3870,252,ekitcho,0,61054,7,3433782958,2022-03-05T04:06:29
bostrom1tff5zpw5nnswjstemvr52krcmryvdhc0zdj7hw,253,barry,0,266,6,67955521,2022-03-05T05:10:40
bostrom1ax32rmtyraxnf76w3tcx6pmt7psdfgfdqgzjd2,254,2918732,0,1,5,0,2022-03-07T14:05:13
bostrom1angqedc8vu2dxa2d2cx7z5jjzm6vjldgtqm005,256,ðŸ‘¤,0,1004836,1,50456078897,2022-03-07T16:12:58
bostrom1azl8d4w3vmxe4pv80xw2fwyphzr23kqz2z3ad0,257,ferdinand,0,15133,4,3200895667,2022-03-07T21:15:03
bostrom1qwzsnnuk2u6avvh059c9p50gqqquvcu5svvwrs,258,soul,0,264125846,1,4048634787858,2022-03-08T05:03:31
bostrom1edlrze5f48jjaw0wxcve4asqqf2tcjdl59ln8q,259,andromeda,0,184617404,3,1931886556035,2022-03-08T05:04:41
bostrom1a7zgasrrnjaqnqgj74ma6mrqx96lfhtfgfampm,260,tkoinuma00,0,3098,1,47369503,2022-03-12T14:43:27
bostrom1kgnrgsnrq8zdnslhtm3yg2e53r7t8s8gcju2m9,261,cybpl,0.03778403238948713,3100907,1,156092841422,2022-03-13T05:30:50
bostrom1nmr4flrrzrka3lanfwxklunsapr92fqq5rfrd3,262,golovoirukami,0.9513062126797653,1233787,202,656686725820,2022-03-19T17:55:29
bostrom1jut5qhrgx55704w4hdjk5zs2cv23ntrtrc6cyp,264,argonzel,0,11424,1,856015418,2022-03-22T14:41:31
bostrom1elum5zhnmw4uez0xzyze3qkvlm6wwv052jd75a,265,febbyutomo,0,7484,4,114435081,2022-03-22T16:01:12
bostrom19ayd980432tfya4rwv24gu6skzagv7rkkuulye,266,ðŸ‘¤,0,58608,2,3667236458,2022-03-22T18:06:31
bostrom1jev7zyn0zkln3gtsuprgwwxmrs6shsux8w428a,267,aidarga85,0,3064,8,19242366462,2022-03-23T10:33:29
bostrom13jp2eym0yv8mznjf03j8xn67th6mp39j3l85q7,268,jorgstrom,0.03608731242118217,1002,5,361776220,2022-03-24T05:43:55
bostrom1278jawm55hux8ekq5evkugzr59vchdwcxwl9e0,269,mirageriders,0,34754,1,531410585,2022-03-24T05:50:42
bostrom1plxajyqwe97ghd4em2xgd39wzvr27aelcmd8p8,270,bitlino67,0,2014,7,40741184,2022-03-24T16:49:56
bostrom1xl4xn9satxce76pjcvgsea5l0clygxfm7ms74h,271,12435132,0.9137910125544307,46,48,0,2022-03-24T18:24:40
bostrom1yc2jrtwakjpjp5j98tqskn344yy6s2epal39a0,272,ðŸ‘¤,0.755189922095009,55643,2,3481647062,2022-03-25T09:13:01
bostrom12sg7gapffr2qm5zrp93lzulljzswxe2c30dx66,273,butsukin,0.2831269579410588,392682,2,19718191248,2022-03-26T08:34:09
bostrom19ef8zggsplfvx2zqzqgkv4j4t574rysdws4wa7,274,djzhukeeper,0,8874,18,495146367611,2022-03-27T23:39:42
bostrom1snze5ng0fujr7mz09u6gd23stm3y8xmcx8laah,275,viridis,0,45644,11,1853844426,2022-03-28T20:40:34
bostrom13rs6nm0g0kjxddhq4ky8arthaprlfheugkaxec,276,ðŸ‘¤,0.25343896124148757,77610,3,4547901250,2022-03-30T09:21:18
bostrom1lgtrewcvkvvga5m2v4q68rkmzfytsucpx8303l,277,ðŸ‘¤,0,1000,1,135674145,2022-03-31T11:03:01
bostrom1t57tfp3ykhpf87ejaf5mwkn209vmhz9rlcftyr,278,biafra,0,830,5,59838883,2022-03-31T15:54:24
bostrom17ukmphlmjuxf4cfjrql86krwx8tm5594lc2ys4,279,101020101,0,3478,2,53312282,2022-04-04T17:16:51
bostrom14x893vphgfwjeu3dyz5ee9vtrx6z66f6tzptqf,280,whalentin,0,202527,1,3104421131,2022-04-06T09:25:25
bostrom1ykqfsmrw0uk4fcnycpp60a0cdg0xlsmcvvds7a,281,knalltuete,0.8897771460183928,11754,10,538396107,2022-04-08T17:46:59
bostrom1gflnusc66trvnezmusrc05g0ge8xp8965f8gy5,282,ðŸ‘¤,0,19569,4,1090900786,2022-04-10T04:14:39
bostrom1466v4vuvm6uqkyc9nzqh270qvlstzswjyvycjv,283,ðŸ‘¤,0,555048,2,34862016680,2022-04-11T16:22:56
bostrom1cj8j6pc3nda8v708j3s4a6gq2jrnue7j857m9t,284,ðŸ‘¤,0,100000,17945,9342522269034,2022-04-13T07:01:58
bostrom1ate5nqvum46uk2k3ta27e7yr3fgskqllthdz83,285,medniyy,0.455156800257061,501491,54,9696873054640,2022-04-14T16:38:29
bostrom1mq5r3a52swxcfpvxy5rmlcpfyh20qdtgdgnr56,286,zeestrom,0,19593,1,272731666,2022-04-16T01:31:46
bostrom1fzhv5nff46gkff9nl49eua4syxcegux6npcr2l,287,241159,0,2422,2,1157540921,2022-04-17T07:44:59
bostrom1a0dm38n28wqtz3qp989vf3aeu9danw7cg4l8yj,288,ivanbihun,1,5228,34,32455500630,2022-04-19T09:26:46
bostrom1fvh29xlzzatu390p3lpe7uhdsl7dpffcnlxdsq,289,subione,0.8961030959982045,3808512,214,1222011338421,2022-04-19T10:47:53
bostrom1hmzk8ngj5zx4gxt80n8z72r50zxvlpk8rqh7rg,290,mikky,0.7708795305071482,126376,10,1016583126596,2022-04-22T11:28:54
bostrom1qkw8dtdansmvayk2jxfkpel9q4d20rvfhwcf4k,291,kirockobaka,0.9814741890910245,918308,5,43959455557,2022-04-22T15:45:11
bostrom1sng0f47cuvx6edxaujh24wc3dvk94q0w6r6smh,292,lizik,0,3247679,5,3022302988516,2022-04-24T03:54:30
bostrom1qsrzvymyw06z4egr9w9w84jtxcy0na3rdrqjlg,293,devolquez,0.9981628639513842,11571,59,12984727607,2022-04-24T04:36:18
bostrom1dl6z2z9d33mzu2d2x8mqehdackmt7ylfhf4dqt,294,maksimmir,0.8133886933343617,17522,38,917698505,2022-04-24T13:33:38
bostrom12luppuxdlw4qev2mkzv8x6z95xs9z3xfxmc689,295,mikhail,0,25673,3,905149891,2022-04-26T06:10:46
bostrom1g3r50akpmlewt0fq44vwqsfrl7ekyjsa08qrwk,296,generlleeloaded,0,1516,22,77995638343,2022-04-28T09:46:53
bostrom1cnyvx58scnk9apf737hfss7wrr6frphslqftdq,297,ðŸ‘¤,0.03541189896966947,698629,11,527892754124,2022-04-29T01:23:17
bostrom1zee3076ww2c9xtu9pt8twc2hz3w0auzy4m7tct,298,sseennyyaa,0.47642797526333097,11460,10,1307514490,2022-04-30T08:06:55
bostrom1ds7cjh0f3k3zxwjanf6qtqz8zhg6m6e4qvd4hy,299,ðŸ‘¤,0,173334,1,2656938247,2022-05-04T00:28:27
bostrom1lshhh87p6ux70nkgr3xs5ahgcgnlmc7fk4h8v4,300,vladoksenfeld,0,108713,33,35663225428,2022-05-05T06:20:30
bostrom1yfzm0w2u82570k8rz5jf3u86vxfplty9tl07cc,301,leonngo15,0,73238,1,1122773518,2022-05-06T06:42:31
bostrom1237dyvth38gr8zkkqpylvxchvzqqkehctfcs4e,302,swietlik,0,112929,1,1726755655,2022-05-10T04:24:19
bostrom1sgg7zldc47c7ecmp6uwt24l959pz36lyt2nx87,303,ðŸ‘¤,0.7838148732064119,3349,9,72547120,2022-05-10T12:01:37
bostrom1f7auwum96en2z7thrnx8pptaqmdtpkakljwkp2,304,captnjim,0,107983,19,25374995987,2022-05-12T13:02:00
bostrom1vcpxklk693ms03cy9l83he735jpufhfuy77l5m,305,wilgeneva,0.9951310835854693,1198514,3,164561886463,2022-05-13T18:33:41
bostrom1qerjal24d9kj2rez97vs05l47258yglz3zmd7e,306,zeranamu,0.42337247971674713,1,16,0,2022-05-14T15:08:09
bostrom1j4322d5dg9z05dfdvrtqfk2eg3fakxxr6gtacn,307,ðŸ‘¤,0,2015,1,12944140,2022-05-14T18:59:59
bostrom1gdpk4xeyeqzdkdwc0c2zrd8ltrthnze3he54v6,308,vinterface,0.8653764562153126,68593,85,14192080768,2022-05-18T04:41:01
bostrom1m6kafeeezhgaap070j76fk6tw0knx6wqe9hl0x,309,ðŸ‘¤,0,57623,2,772990103,2022-05-19T15:36:20
bostrom1lplgj27x2qjeu7wc7p7at977xg2ldmw6ju2g0f,310,achilleez,0,35642,4,280947015938,2022-05-20T10:51:57
bostrom178g6gplrvk8xhldja5j22t0shpqzkt0sutc9m8,311,jsbach212,0,302725,3,14208261863,2022-05-20T11:41:29
bostrom1g65rmjkeuy5rywx04s4fvwfylmlz98vqdj9qrh,312,kitteh,0.050802311634607064,54706971,6,1019143164171,2022-05-20T18:01:43
bostrom1ssvdt2ey7a2mmedr2vf3qxhnjdeynkq6gm43zs,313,cryptoborshch,0.7534973091781241,40703,4,1692777607,2022-05-21T14:54:50
bostrom1p5z2vsk5c79ujwl53twvqmsdnrxj755y2ez55z,314,wyckoffan,0.8096663078106255,20869,12,1047278493,2022-05-27T14:39:45
bostrom1k9qg4carkmmzepye48uw6mqfsaw7dc2u2tqt3e,315,thejanmax,0,6309,3,247551273,2022-05-29T16:11:00
bostrom1rqghaeqww3vw38lwglcs72tazgy95t7u3gpcfs,316,ðŸ‘¤,0,42494,2,649748116,2022-05-30T07:27:57
bostrom14xga9a853re5ksn6pfuw8wc2e0ektx2hupafek,317,potishe-35,1,6,7,0,2022-05-30T18:37:23
bostrom1k09afxhedzgrkn60rrnpa0u66yv3vz7yxj7ja9,318,solotrance,0.587046957405605,5361,14,57337055542,2022-05-30T21:24:14
bostrom1ns5ehf9khxg7yhe936hp7450p46hl0t0k7fd30,319,netwhiz,0,2329120,1,35613059069,2022-05-30T22:36:12
bostrom1pk3lswrmlqmg094csnl2xyh5eeezq8434h5kcp,320,jmoonskies,0,1060,5,36255311,2022-05-31T23:43:54
bostrom16xld28hjxqs66j0nz3rqzepa36tcly9786ggl9,321,biggin,0,4127,5,130799035,2022-06-02T01:07:01
bostrom1lfu8msyzzjsmdhft4nwt9aqd06trasvmrppgpl,322,ðŸ‘¤,0,5947,1,90933381,2022-06-02T01:09:16
bostrom1gd9r9uhd8a5k2naudq4hua3vf3lkwhfrm63qhq,323,mindpool,0,4747752,1,822194825094,2022-06-03T02:53:20
bostrom1n76f7tuq0kxf2ufjevlguqfc4xn4vfyk39ugrs,324,ðŸ‘¤,0.9054708112902804,255743,17,8034390894,2022-06-07T09:47:13
bostrom1tt6e3t4k38cshwv0wlr9p6tvvd2nxchy6z9chs,325,moodzi,0.0361417563787331,1703,3,8070122659,2022-06-07T15:21:58
bostrom1ngymhfhty76w8r6e8dlyvj68g5zfm09qjmejts,326,galaxy,0,2981190,20,76450874163,2022-06-08T05:46:30
bostrom1xcuk5lls8pf08k5glj578afau223tv30zzpy9k,327,juvelir,0,60011,41,7708419503,2022-06-09T12:08:58
bostrom17yg6ghlt792hlpjek69usc6u5f57dd8rvnpw6d,328,johngold,0,25489,7,2331157331,2022-06-12T05:03:03
bostrom1q7zd65fsx8hvh788lyla8wxemlesf0djrhe0wa,329,bostrom-journal,0,2455,81,11861997453204,2022-06-13T08:03:16
bostrom17mzu2rmfnr3ge0r8l8d4w62fk39v9t5slnezq2,330,strikewp,0.9683380367449298,1314870,180,549448141836,2022-06-13T17:59:11
bostrom19a7pmytd9vk26l57q8chacuprsmx05g26n0evd,331,ðŸ‘¤,0,1706,3,37213391,2022-06-15T16:32:07
bostrom1xszmhkfjs3s00z2nvtn7evqxw3dtus6yr8e4pw,332,congress,1,178482273,5,2735917719004,2022-06-17T06:43:45
bostrom1t8c83d9t44t829pzjq9uxc9aq5kzf64xag4wle,333,0megasinus,0.9121941098623769,41159,50,15124230577,2022-06-19T02:31:32
bostrom178swfpjp3qwes3wj8ffzqla9m56ewzxmy7jxwr,334,kbai868,0,586,1,8960309,2022-06-19T17:56:45
bostrom15pgp5gfd4gmgwn2z258a79ls4kreztmu9phfdg,335,kaynekulman,0.9652947102843614,438484,188,264417555026,2022-06-21T13:00:00
bostrom1ejvyzku2upg0q5a6n9nd9cwa29a830hecchhch,337,fusang,0,10065,1,754198086,2022-06-24T08:24:38
bostrom16nmpfw05grte7n3nfsxqq2qm557qzaka6grc6f,338,jimskiycapital,0,3,1,45871,2022-06-25T18:14:19
bostrom18yllz44dp8kc6qacvpt8e5et5hn0c0jde9e7ar,339,lukestart,0.9756911700536688,6031,119,33713140520,2022-06-25T22:02:59
bostrom14pjgzdaana5y0cdyycfpemzd62xes9rucde42h,340,ðŸ‘¤,0,4061,2,15940356,2022-06-27T12:01:33
bostrom1s67dxfqx2wnhjpd4w27dw9cn734fa4l0yyuymz,341,sergei632736,0,4421,2,179798407,2022-06-27T20:37:17
bostrom16x79v3h2qrtcj0376am9zlt05c85njzwpghghn,343,nitawa,0,160070,3,15452994976,2022-07-01T06:36:14
bostrom1kncpt05lez932qynpzduekrplzfdhn2z5rw9ja,344,0x777888,0.8035248607955343,22,1,1072272871,2022-07-02T06:09:46
bostrom1culy4k0gc3ukwuyss82vgunyudsy3tm7wvvpp0,345,mxrrxwxnd,0.7363530465600551,21229,2,1065945889,2022-07-02T06:40:25
bostrom16sjdan2d3jfdjplzjwwx2kdjzk6pwf2x26sr3j,347,cosmo-serg,0.8052688154174428,97640,2,4902821498,2022-07-04T12:16:41
bostrom1369tzcr8a79h3ryd9kl0kneurwssmmsqxxy9c2,348,weiss,0.03624828670458929,312766,2,80975516253,2022-07-04T13:38:23
bostrom1vq97vj6hsrvg8569eclpnpsvs6nk7jllpzmgjv,349,shavigviligcusto,0,7855,8,15073776779,2022-07-04T17:21:52
bostrom1xwkz3u2rxwajec8q7np392fu3zrlvt829ywxsf,350,katercho,0,83936,3,1887641706,2022-07-04T23:23:26
bostrom10un89xcvrtjjmsw8qlsednz5ymkp8dmt956wr8,351,fuckgoogle,0.8036703043951243,11325,6,327190317,2022-07-05T06:52:59
bostrom1hjuedpvjn2ndtf3qzqnv3nkqqlqf2yc4vax820,352,jjmcgarrity,0,51258,4,2000594608,2022-07-05T10:46:50
bostrom1sevq5s6rdvtkeex4lqvuzvwu7gwjlykut28w84,353,moolah,0,39118,1,2931163440,2022-07-07T20:36:22
bostrom1g2xwrvr5zd37vcmydc5y4dz6s8qw04ctmd0xfq,354,araqiel-kong,0,177579,3,1363285393,2022-07-08T06:21:49
bostrom1jkte0pytr85qg0whmgux3vmz9ehmh82w40h8gaqeg435fnkyfxqq9qaku3,355,ðŸ‘¤,0.9195479459208021,100000,28361,11372191250248,2022-07-08T16:17:49Z
bostrom10fqy0npt7djm8lg847v9rqlng88kqfdvl8tyt4ge204wf52sy68qlq7nz2,356,ðŸ‘¤,0,100000,27508,10642495712467,2022-07-08T16:17:49Z
bostrom16y344e8ryydmeu2g8yyfznq79j7jfnar4p59ngpvaazcj83jzsmsts7qxt,357,ðŸ‘¤,0,100000,28802,13210878513111,2022-07-08T16:20:47Z
bostrom1spnhews35lnwh4lwy2y8749ad262rv8zfxsh8q,358,lifeitsfungi,0.9092864875710533,1001,170,12112366430,2022-07-08T20:35:03
bostrom1fsv3008rju3pff72zu7dpdnuutr6g7gha6gc6d,359,avrora003,0.8142639298196132,25193,26,286836381798,2022-07-09T06:59:01
bostrom1ujc2kt26d3a0x7v92e5acfu952j228f2gztnp5,360,kwaskoff,0.7475085547205489,13011,7,582882466,2022-07-09T17:08:27
bostrom10a9mqy8cu04nyz3nj934ck39p6u9ddjt9y5fve,361,olezba,0,3854,3,92228240,2022-07-09T17:17:06
bostrom1n89a8avc4j7cv75lfsyynx5kazlk80ar5qcdx6,362,ðŸ‘¤,0.8038529159618536,10000,1,503384869,2022-07-09T17:23:05
bostrom1nnt7uqxfg3gaqs7uvtcdr3hx4nd7v6yffapj7r,363,stroboscop,1,,7,0,2022-07-09T20:54:35
bostrom1nw8s6hrae42uar733da9npt0ekth4gv8hqmc9v,364,scarabeus,0,5669,1,86680991,2022-07-09T23:35:26
bostrom1226q9glnrx4vvkk68050l82dazcpk4uvhmuvxg,365,galaxyana,0,12308,1,11136864962,2022-07-10T01:19:16
bostrom1un2cv05c5rfjwpy4e92rggft395xhmeauzsffr,366,octoverlord,0.661694900169934,9487,4,228406387,2022-07-10T07:07:48
bostrom179zykcs8tjtqz4y4rvd7emqctd3cmz0802udwx,367,touristguy,0,29002,1,444575484,2022-07-10T08:01:46
bostrom18utmyq343u8kka46xjc9l9m47a2uuwgvqt03ut,368,crypto-squirrel,0,20000,2,1251468917,2022-07-10T08:39:55
bostrom1da85gjhaupl8ae7ee66sw9zh585uu9j3u72y5x,369,moonix,0,19333,5,552730215,2022-07-10T09:51:35
bostrom14wv264ngauxx9v5kyrc33yd6q3ek2jvdh2d423,370,cosmic-cruiser,0,73739,3,1127464508,2022-07-10T17:04:22
bostrom1pwjc9nses6qzt73kvvm2uelzvfmz7glef0mux0,371,vitus,0.8036556816777335,4002,1,201449862,2022-07-10T18:02:35
bostrom1qeq89tylfjpj22uhhkukqtexqwxzkm94mlr9zf,372,spiritmonger,0,11468,2,175801876,2022-07-10T18:10:06
bostrom16l5jk2m9mkfhe862wyfx5dyz57vrf0560y3lw8,373,hardwiredware,0,6750,14,834013892,2022-07-10T18:26:41
bostrom1nllnffudccy2f6wrfv4djaadsvqsr2lamlp8cr,374,malakaya,0.7032247203200255,8825,12,5303658709,2022-07-10T19:33:29
bostrom10lp0ehzrmf3gq2vjumk4vw452u44tjhy4rhfm4,375,napalalala,0,5232,1,263364737,2022-07-10T21:02:48
bostrom1l9gzsfgzvle8dvwsf9nnkppalvvs9knpvcdly4,376,stanzo,0,17333,1,265032505,2022-07-10T21:55:02
bostrom1u2q634myg3jrgylqnt7waueygws34ewh7jh2sp,377,jotarosa,0,22176,45,21891575298,2022-07-11T03:43:24
bostrom19fddhpk2errrmvd4chp4lmx6rl75ydqj23hh33,378,samurai4,0,72600,5,1110079381,2022-07-11T05:40:52
bostrom150pycew3s0kk08ftv8k2wyvwd765affktm8705,379,dianashalavynska,0,3026,5,1411441905,2022-07-11T08:51:12
bostrom1e8yhhl8amglg25w3kkekm84fzn2yppyu0g2ls0,380,dianusyamanka,0,4908,5,14320621257,2022-07-11T09:01:12
bostrom1z3p5gkh62r0nhfu69w2l9064chkw52ye2e5lt4,381,karadoc,0.43373745534321057,85609,16,75063651504,2022-07-11T10:34:59
bostrom1m6ey4dvk8j520pwfr4d573cqdqcfyhakfem8nh,382,fiatfalls,0.7839581757127757,64360,6,5585652197,2022-07-11T13:16:48
bostrom1dsqf9e2t4ud2q6zgp943hcdg0vwhd5runpzdwj,383,finance,0.491446236604244,38220,5,2113376766,2022-07-11T16:11:37
bostrom10394355uak9czzqmgedmsfyt9gzd0jlp2mwgnr,384,caiiuus4444,0,5974,2,91570121,2022-07-11T16:42:57
bostrom1heud4nvlvh7wydhxrpaf4u80z4c0qdads555zt,385,ruslan-kha,0,3962,1,401574067,2022-07-11T19:17:50
bostrom19ps46xj5lveve5u3hz3vjpg5egufxq6kune9wd,386,trismegistus,0,13135,1,1039700189269,2022-07-12T03:35:26
bostrom1r3sglnjc34q2l0nf2rl2dh6slum564mmyd0kp3,387,ganusyashamanush,0,3998,5,5420453249,2022-07-12T20:24:10
bostrom1mn8q62zn97zekxa9j4dgax6j7l6jcxvsg0l0yp,388,natalyashalavynska,0,3571,5,4856097160,2022-07-12T20:25:48
bostrom18y3ntd3tvccdunk9068rndjarhrpg66gu0sarn,389,bluespike,0,2235,6,77756750,2022-07-12T22:20:54
bostrom184wap298zlfsq4adqn2t3tzgdzmqyxqln3mty3,390,avocato,0,4424,3,67791371,2022-07-13T08:34:29
bostrom185yv4ka7ymn3f6meq7k3g42nxrgfeykjpn76sw,391,sapzoom,0.5142737652095976,2478471,14,348333896502,2022-07-13T12:33:58
bostrom1xm2pj03uglrzpcsypuzrl7hrlumzdy7gsdwedj,392,angrymouse,0,3827,6,50406948809,2022-07-14T01:34:25
bostrom1h29u0h2y98rkhdrwsx0ejk5eq8wvslygexr7p8,393,cyber-prophet,0,26008,32,27234497769,2022-07-14T04:51:27
bostrom1dnl83rxxgg29d7zgwam9sldnr6chtftdmzmz4e,394,krypciorz,0,100512,13,2267799285,2022-07-14T11:17:26
bostrom1nhetjrust9p0ggs2xukakqnkkn79h3ljgw5an2,395,djsontan,0.8039015523122226,46293,14,1252089107062,2022-07-14T11:26:38
bostrom1ade538k30ftje08exvwsnsry9644nuc46d2knz,396,harshana,0,12332,1,620774221,2022-07-14T16:04:42
bostrom1mkk7xd9tll96rt2j8e8tamggu5agzwq79v6qfs,397,gagriva,0,19729,2,1234426031,2022-07-14T19:20:04
bostrom1dldmmeqdzk6gyzg0zhcaaxggkplzs8477wf3cp,398,turingtester,0.036141273525971025,2526,180,39490290363,2022-07-14T21:51:45
bostrom14v0e9hrth8a6mpyfwdhj27j7r06c0dcuaw7ec5,399,masternet,0,211733,1,5119412672646,2022-07-15T00:00:58
bostrom1tyzmkpn0axquu4jlht3lllsmq03um8kn5cu5pt,400,15111997,0,3153,6,558207975,2022-07-15T03:17:51
bostrom1sfdm5qz2t0n6s754yevapsr0ujsph7y9sujlgd,401,josephur2much,0,306077,2,564786376001,2022-07-15T05:26:44
bostrom1guagvmgph2kvtvakqk8d96x05x2aung978m97p,402,lominbit,0,25164,1,384766357,2022-07-15T09:31:02
bostrom156uqgap7d94zaxs7ty2wcxuuhk04kqu2czp8m3,403,gurug680,0,6072,4,852830618,2022-07-15T10:52:51
bostrom1p6yvduezggrdxx2hfrdg2zp4xp348dcpgc0lj6,404,brngflwr,0,4618,1,70612133,2022-07-16T02:57:56
bostrom1499g3aze2x7g63vf72zcc8qjfrchuknnk8vtrs,405,marcing85,0,104726,1,48957384738,2022-07-16T09:30:06
bostrom16sx2putpcwtkltk3a0xpr7rc0paxrxuajv6q77,406,princev06,0.9169814485028074,364035,44,17166366549,2022-07-16T20:27:56
bostrom154pk9nfsjmf7zahnk3hv2gvpzu08fct96c964v,407,bakartan,0,6373,36,6348769493,2022-07-16T21:53:19
bostrom1pvulmnqglzywnhfx8u3rrvz48mz3q47u7l8z6y,408,lutoss,0,91966,2,3636849335662,2022-07-17T14:57:23
bostrom1xu0fu48rejkxjsaefvjtna56kyhkwxz7gxhdnl,409,moonidas,0.6978065087300118,123652,20,6414745801,2022-07-17T15:19:02
bostrom1zy9gc28w8v86ddp35lps9w9js70wcyc875x4t6,410,defitrades,0,1464,3,243120958,2022-07-17T19:33:06
bostrom1pm8jhqcmjhh85u5ja0yqcahk42n5dsgct4tsff,411,casanova,0,8913,1,622700767,2022-07-18T04:05:37
bostrom132vh8q3s3yw9f699ukqjffwxwwj45lrvqgcvgp,412,hysteric,0,4349,2,129414793,2022-07-18T09:19:21
bostrom15d7uqdmyshz9ekkjtg3c4fp48ew5qx9huqytnz,413,seregalis,0,214,10,4345803307,2022-07-19T09:32:07
bostrom1t4v3h355vsvexz46nz6h9repmgxgfml8pzf06r,414,coolcat,0.976069834175984,3631,2,119201977,2022-07-19T09:49:27
bostrom1qjf43tsdhzfk5apchznuheqf6sux0wwmt4q4qq,415,cicada,0.9720900318208298,19814351,20236,191803217876404,2022-07-19T10:00:06
bostrom1kf0d64nuwsf2zeul5wkx78fsznplnlpsfh7fqw,416,cryptboy,0,282851,1,4324970236,2022-07-19T10:24:50
bostrom15tk5lzt82dgc637kw9hnnl4l6ynaknzhdu82ll,417,cosmogauz,0,12862,42,45754176041,2022-07-19T11:32:33
bostrom1csf3up94qheqz88fvvlwjl7vc5sdymarktrvpw,418,maksym,0,2065990,1,13474778644,2022-07-19T16:56:08
bostrom1xpl2sx64ra5san4su0r0hj8z9eh5cf5dcv48qa,419,joy,0.6953683244542506,8154558,38,5725115418790,2022-07-20T09:47:19
bostrom1q3dpka799kz96mnm56jygcqvqex8zd22ue6w2f,420,jigganuice,0.03518653499154492,11599,23,622238204,2022-07-20T19:41:31
bostrom1lzw3ty3d6tg4n0cqarafktkakm6eesd9jt2r73,421,jonathan121x,0,4999,1,76436457,2022-07-20T21:52:22
bostrom14wmzm5hk497sumse6vsk6k20lnqvx9je4xwcch,422,paraverse,0.9490786513957413,58103,50,2893764802,2022-07-20T22:00:52
bostrom192r0h7l7mafa53hpxakxqyu89q4lq2e38e2d49,423,anarquia,0,4106,17,58980340,2022-07-21T00:13:28
bostrom1qzr7rdnrsleyt7zu3c28trncqct8n8aulzwe4u,424,richarda,0,3311,1,248749145,2022-07-21T19:42:25
bostrom1t369f29efpw0fsq6m25yuqpydwy5n6zj3g97wg,425,mrlinaro,0,24,1,367874,2022-07-21T21:11:33
bostrom1zdexhg5hnu7tyl0x36d0vmwfu364jr2s7njrpa,426,alibengali,0,264890,1,4060890211,2022-07-22T09:56:40
bostrom1pe4zqgmth6jv7ljn8d50c85l6v5lf8n6x5pnku,427,substratex,0,120,5,310987761,2022-07-22T12:00:24
bostrom16h7eqsyqndwc5dzqdrmh38t605xcuw24f0k4c2,428,wutdis,0,5270,1,80789918,2022-07-22T22:47:44
bostrom1549l4vwfve0y565kmk65v777mz9lwl4hy0tunr,429,gertschijo,0.9564428401362518,64730,186,660360876952,2022-07-24T19:46:00
bostrom1ylxc3qt2083w86hnkq6l9ru6rudh35fngap0hv,430,diamondhands,0,7603,1,172134478,2022-07-24T21:53:01
bostrom1f6s4550dzyu0yzp7q2acn47mp5u25k0x6f8syy,431,evgen3000,0,7810,3,9065492395,2022-07-25T13:28:36
bostrom1wh0evrrxrdlph6nl98v9z43555fufy2qd3ar0n,432,pleb0420,0,12785,25,3221147064,2022-07-26T22:24:42
bostrom1g70uv8y47s5pn07n4gtgakz278vps228r9emvt,433,digital-oppression,0.96437823817441,1065195,4273,66149309157309,2022-07-27T03:14:34
bostrom18gzezjz0ug5kskpdh3p7hhp9tgm8y36jgfwxsa,434,badkid42069,0.9753092990801273,24552,121,60548118206,2022-07-27T11:04:23
bostrom1e68ds5qu20wxjceeaefn3wxxd698kt97agy4d7,435,whoisabk,0.9908947309579568,4208855,374,1654977767732,2022-07-27T11:28:24
bostrom1gu92w3wkwawq6q8epdsyce6x7q5gzvv5p0caad,436,phillipsimon,0,5629,2,147218234,2022-07-27T15:25:17
bostrom13dpy00jest96g7h5vdgvg9zpxq6xnclh5hzw5l,437,ltvncyber,0.8136935334262061,413867,116,31200858780,2022-07-28T02:55:27
bostrom1nu5jfcwjcwaqxea9m56w2gwnyaugenyl508vye,438,1977topps,0,2733,3,127938583,2022-07-28T14:04:35
bostrom1dlyccvmvcewd2mahhs5n69n3ves4ldtl0njud6,439,gazcaibc,0,55465,2,425264915,2022-07-29T01:37:46
bostrom1nr3xmkmrqhrmva32vmamhdumkfwqxmfj5c5p86,440,skinfaxo,0,82450,3,3859644435,2022-07-29T04:05:35
bostrom164fm6rnv4zsj7x3ef6xkt8um856g6q32mnxcvg,441,arvydas,0,18437,5,23423081417,2022-07-29T09:24:48
bostrom1r46v9zuuy756g5tlnww5kdw95fw46qq8uhmh0x,442,thatkiwigeye,0,11306,4,173272583,2022-07-30T00:38:09
bostrom1n607jjqkf2xhx0g9dp6jsaxeerjr09r6n9m80n,443,bitcoinsum,0,11933,2,226891079,2022-07-30T03:18:46
bostrom1nnda9gfqddnvf9f7p0vfcgpfhxk99rw3dtmyhr,444,taikajim,0,29841,1,456279322,2022-07-30T19:38:20
bostrom1f7jfuta4cw0039vp5t3p9mst9q0pj4r6vt9ka7,445,hangthy1616,1,2859,2,167604163,2022-07-31T04:14:09
bostrom1nqrntj2v84tygupc3n3uhxrkwczekj45ewmnhu,446,fabrikasuvenir,0,2043,3,193162427180,2022-07-31T10:52:32
bostrom14rcn5s80v2fthgzw0pkvkwgke4ss8ew8dxgdn2,447,serendipity,0.9370913800306455,112186,35,14542984470,2022-07-31T17:33:27
bostrom189psxs56n9xjlxrfn2cjv70dx0x64rgvwrjkgw,448,frostiworld,0,8256,1,186922291,2022-07-31T17:45:09
bostrom1q6enrnd0eupdymgg35p0krd0m4938yx9ptxvwf,449,theguild,0,71348,5,45403942140,2022-08-01T15:43:27
bostrom1mqypstgwxah7mnw2dqh25g9f3qq55zg9l2e665,450,captain-jinxto,0.7893712780075154,14718,51,22189428821,2022-08-01T15:54:40
bostrom1zq2jcz4rqauaayj83v0e6p7ulyclhtqz4fclcq,451,evgeniylev,0,9992,1,58216187463,2022-08-02T09:42:28
bostrom16jttzjgks48kqrhk5e68yv0gv6dt0rpw2f5pwn,452,evzenkal,0,3868227,1,272071530,2022-08-02T13:11:41
bostrom1mmddwz426fz3qvcf97gazandcvstd5un4d90d9,453,rarioj,0,384,1,5871602,2022-08-02T15:09:50
bostrom1m5dpk2u9axdsk5nkrul7kjr37ntjha46ccygc8,454,williaslucas01,0.5879619648950122,72823,3,4271749939,2022-08-02T15:56:56
bostrom13dg6xdyacr4dmu2f2ue0ng654kcntu0g3jwx7c,455,sentient,0,13921,1,522901483,2022-08-03T12:57:43
bostrom1jgeqr5zvhyz344htwge70e2eaa20ku4q0h3lx7,456,abcpension,0.9752043202538162,5100,8,640942198,2022-08-04T16:16:46
bostrom1uvkv59tsqqugezwq2gn2pytz8uzk2uy40afa29,457,cyberchurch,1,2420020,46,54126892746,2022-08-06T14:37:27
bostrom16p2u3ut29appctpjh52cwxczrk5gksa4r7ypra,458,rudy-102,0.8680620578776703,130976,73,2237196009,2022-08-07T13:33:29
bostrom1337gu8scfdfckj5xvk8k9dm79zss0ehg0fgdm9,459,sascha1337,0,39579,2,11612955768,2022-08-07T17:18:22
bostrom1df7vtnwuc32sqx0l7hxpmve94efkmg7cytauvr,461,cyberzeuvs,0.624633177088507,98885,261,6928232833245,2022-08-09T06:58:35
bostrom1fq5jm93mm7u625uh9x3xtqkvqus9gy8n39y3yk,462,lupodeicieli,0.2945028780608812,572368,25,13550782074633,2022-08-11T14:26:56
bostrom170f0stwx0zrysljwwnh4lvre0g2t8zny7nsuyw,464,lacenaire,0.38999306558811825,60650,29,4074712580,2022-08-13T05:29:23
bostrom1svl4txrcxpwy55q5svr7lfa0fm20mzc9yl9tql,465,touchscreen420,0.8777233607740313,5826,41,1386578154,2022-08-15T05:35:06
bostrom1rxkljvkm9atqyx3ud6ctgylcz583mpkp47nwdz,466,airplanemode,0,253310,7,3439674714,2022-08-15T19:55:26
bostrom1g7dna0gp4nec5rza4q25htj0cjgswrxeewewxz,467,desolator,0,5398,64,6422753720,2022-08-16T04:49:56
bostrom1pmc49t7wweeddnhnnyj7dhttld79rg5jq7gxw4,468,fajnygosciu,0,120531,3,149449631533,2022-08-17T19:29:31
bostrom1rqyyttavvav6ghjn37uklutgz6a9z6ax4uk3gr,469,sapphire,0,132338,5,6657560781,2022-08-17T21:42:21
bostrom1qt9nr2m65yd907d4j9unsla5cnrmwlp9v6pzmf,470,johnb949,0.7828463471787934,15653,70,643009108827602,2022-08-18T08:14:43
bostrom1kc8hs628gmstlvemgxhpdykgfytuudaamhtswd,471,tomstaker,0.9999550386801903,201,3,10119131,2022-08-23T19:33:52
bostrom1eg3v42jpwf3d66v6rnrn9hedyd8qvhqy4dt8pc,472,wangwang0,0,40851,4,716238205785,2022-08-25T20:50:53
bostrom1uxthxgqhmxaqlh5u6990j48x5y0u2udfwu3q9p,473,bentley23,0,120126,4,22325637284,2022-08-27T12:31:43
bostrom122zt392tg6hperkmsrj20hyg9duzdxhz233f3g,474,mcmerritt,0.8128932719599812,1139966,40125,60417665357204296,2022-08-30T02:38:14
bostrom1zy553za8nenzukmv65240323jhuvxzym4pl6w9,475,slowpoker,0.03615828563360502,2411065,93,812851755043,2022-08-31T02:12:09
bostrom1sgsjenhguhum7xqr0t6lk7xrzkcp3qyz76xkqz,476,muffin,0,1835,4,303502625,2022-08-31T06:08:54
bostrom1k8v8fugd0dxk4g7hwfqmuk4nmp2n7qan95pm7q,477,wolfy,0.932915672581033,1404,2,70500660,2022-08-31T08:44:54
bostrom1466ygpwk6wmmcpzalmdxwm5za8vuenl433n2uv,478,ðŸ‘¤,0.8639765703878036,975,19,46876408,2022-08-31T14:09:21
bostrom1fxlwveyqhrk8v0gyket3dshnlddl3cazxke8vl,479,exchange,0.4003541752097724,22154,4,1252345361,2022-09-01T14:05:43
bostrom1mqpky5jf0n98pccn8f69gd9a36sqy9u3z4tdd0,480,demstrike,0,33981,3,677367139,2022-09-02T03:30:55
bostrom1ecncx4ryzm0nl254vlemxwafzq9ygcyr7gk645,481,cr4ck3r,0.8180690662042696,3041,116,31044334881,2022-09-03T15:57:45
bostrom1vv9n4whyvnlczqc3eqvnkxh67acazc2fx4k3d4,482,talents633,0.4355326451879781,15114,14,4155297889,2022-09-03T22:12:48
bostrom1ywuuvufcu4p2lp5y0gdy0en0dl4ff7yf284dqq,483,cybjonathan,0,576,1,28922830,2022-09-04T03:11:52
bostrom1urcej60stz7ml4wvtvva9zcf2t9j63lqxvcyp9,484,heavyhands,0,7099,5,728246385,2022-09-04T18:01:49
bostrom12ugnj5yl8ug60qpjxpj6trr8j4e3ttawrtfpt4,485,blackmarket,0,31,1,2447822031,2022-09-05T16:36:51
bostrom1a3nm66sw7ejp454azqem2d88g5m7lc6dwf9tsa,486,terrainfinity,0.6083166880094534,217170,237,173920322434,2022-09-06T01:40:25
bostrom1qnlxnneluedfg3lusv8r36t5c0s4r2p0xhhszj,487,belzebuth,0.9405189500755321,117168,308,497475538929,2022-09-06T16:30:29
bostrom1mpfjw0vhfdj3a4fxfgh9ma63ds427c778h5g6r,488,tufo1984,0,11448,73,61572702213,2022-09-08T00:47:28
bostrom1y5ny4xt3afkdmcwa42j3c36f39547th8hm68c5,489,biplabro,0,80497,6,21759839461,2022-09-09T13:40:55
bostrom1qlen35fnjw989gmq863d2s6f8y0jx7zv8mkhrp,490,ðŸ‘¤,0.9672857385506088,14284,37,8891531295,2022-09-10T21:39:54
bostrom1a83h3ddvexkqf2q6l80666lf56a6ru30k52p5p,491,general-beck,0,14604086,3,685423929208,2022-09-12T12:01:20
bostrom1drvdx4g9k6p73lt68ld3y3aqqyd7ylwcdlq2p8,492,pinkzappa,0,4051,1,38561613,2022-09-15T09:58:15
bostrom1fd2ayfu6kmt66jwr62eazet5y5hp8e3a0pl94z,493,robbyrobsen,0,5152,3,231520447,2022-09-16T10:54:36
bostrom1p5ewwk37m7yahs70vxksetgfnes8yuwqqdacd5,494,cybermax,0,1041,1,15959421,2022-09-17T08:40:33
bostrom1a6az3eg9paeltlpp98etmyl3ny9vgmlx9qsusn,495,locutus,0,78,1,0,2022-09-17T18:04:57
bostrom1652244dw4urvwgqztuxctn43lzaj2tgxc6hdz0,496,ivankote,0,10278,10,21442233545,2022-09-18T02:48:25
bostrom1x9a4sfyxlhffqzvexwtrgvx4x2s3pgtu0z9ara,497,muxa84,0,1028,17,3394756901,2022-09-18T05:14:18
bostrom1r5gvlzt03a0a9rks3s57cppmfqx2lzjrquh3d0,498,pusher,0.9881394691299614,30457,2,1981739769,2022-09-19T14:20:24
bostrom1y2fc95rs5fwhljwhrf0f6dx89pcw964dr0dx8l,499,alternature,0,62,2,3889253,2022-09-21T06:34:27
bostrom10z3ur6vhx2jrxmg6xz6rvvd5pygu07kerwh57t,500,ðŸ‘¤,0,1000,1,15290349,2022-09-23T15:11:49
bostrom1vdedydr6nzv6w0wah3tue0saw6rp0fl6lnhz9j,501,eminem,0,49781,8,2426741426,2022-09-24T19:42:00
bostrom1yh5tfl6t5lyyl5hj05rwv7fpn07qyt4fut7nks,502,yurauaua,0.768896246035925,1034,5,42533683,2022-09-24T20:09:00
bostrom1mdzaj75jlr4ct5rjkqlluy3wce0c96wv5g8mm3,503,ðŸ‘¤,0,31151,1,42273116,2022-09-26T14:20:18
bostrom1xnpn3llkskdnpzg4r5dnuuaq9aycn9h7qgpcvt,504,messersmidt,0,1227,4,47652814,2022-09-26T18:37:44
bostrom19wmrprg8pf9rgljg37rkszwtj25vg2zfpg5m70,505,amitayoulater,0,68890,5,1154620304,2022-09-26T21:33:58
bostrom1rttc7g6necc065520c47ghdvec3ajadhp448vz,506,ðŸ‘¤,0,1702,3,79835934,2022-09-26T22:25:58
bostrom1wwanfvglzup64qrq9jf8uxlal00vm279njp7jj,507,agalunov,0,2339,8,228491703,2022-09-27T06:49:04
bostrom1qd4nwenx2mryp4yztk79se2epu06rylzwtcx4m,508,fegrgeregrgeregrerg,0,4058,3,190341664,2022-09-27T13:08:05
bostrom1yez86g5at4qrpxy3yvfv27axksvnkqjtfup29q,509,ðŸ‘¤,0,2836,3,132713458,2022-09-27T18:27:29
bostrom1em7k59nxme8l0vk2hu40k6k7dn6c6w9ajnu9cy,510,immortal1986,0,21104,3,987819219,2022-09-27T20:52:36
bostrom1pxwf54vafuqyu84ujjevr7xgcws78spp3aeh8e,511,whtvr42069420,0,2221,2,27512055,2022-09-27T22:20:53
bostrom1czdf2ds33f57thmu4v5negsqz4jmlu2uru7my0,512,mbbrainz,0.6314514719022276,305000,27,40975159399,2022-09-28T18:33:10
bostrom1rj7zt2pzuzwhjlr24u0prnqqxm3xexavtpqtzx,513,kalpemo,0.4736563537218264,45196,10,70389149547,2022-09-28T18:41:59
bostrom13mmej4wlsgvmcaxeq2pej5ar4wp8u5hln4tx73,514,dadamutest,0.29361518836115746,125708,12,14550607159,2022-09-28T18:48:20
bostrom10n589lpt7p6746pug6n3lkhchweaehhq5uhljj,515,astrael,0,111657,4,31420566806,2022-09-28T18:52:02
bostrom1dqvvk4aqk6uhsz44jzt28ttmr6hs39mx6rclsh,516,manu4600,0.03616209836374702,262008,6,3413735582,2022-09-28T18:55:14
bostrom13cfwc4sfeea9eaw7rd7m8exck3wsl5at9m3y34,517,moonwalk33r,0.29436868892677304,74004,3,1364441160,2022-09-28T19:00:11
bostrom1v5azntdtr608vu6qslv22jkrnwfe5ppwle8fkq,518,vtgh0x,0.036161015556569316,146516,9,2264517215,2022-09-28T19:01:27
bostrom15seytmmd5ehehu6sqqa4j7d0e7ze3k36wanu89,519,ðŸ‘¤,0,13352,1,670459276,2022-09-28T20:05:07
bostrom1fmzj6qflfskfvleslky0ghmgumwapdungu8ax2,520,etheryoh,0,4556,23,2059684274,2022-09-28T21:48:12
bostrom105c5jk0xwzlk4pexgaeqkxq0xadtqchc4lmev6,521,thelostquake,0,12233,16,116724663,2022-09-28T23:34:23
bostrom1q5zy48r58kwp06f0ewhl0v3sp67kqyfccu5y3l,522,konditer83,0,5394,1,82687899,2022-09-29T07:23:54
bostrom17wwkxndh0ff08l5zmftpkumxmd8tm4v0c2az5s,523,ðŸ‘¤,0,1351,1,68005688,2022-09-29T08:52:28
bostrom1ga0c04r0n05lrgdzwqw9u88542vguugew82k75,524,ðŸ‘¤,0,8091,3,474554711,2022-09-29T11:52:57
bostrom10fdptu37kh649sglhrc9yuguv4k0u3zuyc3eva,525,snoopcrypto,0,5193,2,98714249,2022-09-29T13:16:43
bostrom1pye9afwsyhupdk306vvalv7sh2mu76e2tcjaft,526,ðŸ‘¤,0,35161,3,1650130110,2022-09-29T22:05:37
bostrom1ar6rhj5thmrv34gw03qvjfx3nh068cydgzkm9e,527,medcai,0,11864,1,269324927,2022-09-30T02:34:53
bostrom1gxe0aq7wd3c0ufqy8gmw9sg29ed4q9vtl6uzje,528,marvinmartian,0,2106,5,21631882577,2022-10-02T16:40:45
bostrom1v3x2qwlkt02gu5t5ns4v804dp8e8m5juv64ld7,529,mebsuta,0,10293,18,59635798755,2022-10-02T21:34:42
bostrom1pvxyrv9947p593kge6tq8agpryktfgf5n945jh,530,ceriberto,0,4026,1,61560079,2022-10-04T05:46:43
bostrom1hwvj0a8hmtlq8593qthsu0r748y4kek27txk3p,531,800813569,0,32685,7,5513764355,2022-10-04T11:03:56
bostrom1wrsg9ujhr9j252lz5hwmu3pg4l0ajmjd37t9gx,532,kostya1993,0,1022,1,51444717,2022-10-07T12:27:47
bostrom1da49eye57cvlvln7h04q0mux7pdecszjahnm9n,533,roxytest,0,3692,1,37780892475,2022-10-08T19:07:59
bostrom1s4uqdkslrq89u3d47vdk9rsufarrhfyr4dad50,534,loosblog,0.5889762218708515,14561,84,32747076262,2022-10-09T01:52:21
bostrom1z2w333ttrqhkvpu4x9v059l7q6k9avcdltd5au,535,sigongthebest,0,228283,1,1470048136,2022-10-09T15:17:47
bostrom17gl6er5798z79ckqv99kz8an2dryl5n5k7zh98,536,cloudunetwork,0,35719,17,1886806613358,2022-10-11T06:39:40
bostrom1pl5cxzsl8qv4u3lflgz09jahm67c0wc6ztr32g,537,osmostation,0,2,5,0,2022-10-11T09:08:27
bostrom1aypv5wxute0nnhfv44jkhyfkzt7zyrden85tel,538,ðŸ‘¤,0.856787476431932,1000,70,8754220558,2022-10-12T09:11:10
bostrom15tw7mrrhmvkkdy2zuw70vshfe07tmxny4555pv,539,peatflow,0,4655,3,217814559,2022-10-13T09:22:45
bostrom1f34d88rdaqsqqvet6texgugt3vd0nsgz95n0a5,540,an-rik81,0,16709,4,56741731190,2022-10-18T09:29:02
bostrom10ckqgve8a6apezcp95sjqt3ch6kl9n3yyqepdp,541,tothemoon,0,10374,1,235495317,2022-10-18T20:48:44
bostrom1he7zkkvwjs777506hslmhgjwvam87mut4aam4l,542,lenash,0,232112,2,719561110632,2022-10-19T10:04:49
bostrom1jvw3n50rznxa2c4yfnd4pvmmcdymwpa403yadq,543,sweety,0,19710,1,348978068,2022-10-23T14:04:34
bostrom1qpg35n5m3xcew8szsamzt0zunru8wfzjt8vlxh,544,atuabacktestgang,0,5651,1,284450151,2022-10-27T20:33:11
bostrom15p4gfmq4p9qqt6yhsd3whqu8qtej8xgdw0xu3q,545,jocedaeker,0,3080,9,75910584,2022-10-29T15:55:46
bostrom1ua0smyta5s3y3psnq2xcz90ngtd5s9gjc3r57a,546,chistowhite,0.5673625349401117,632236,1216,3259696768565,2022-11-02T01:17:15
bostrom1rswnv48f6ksgp5tpj0wvf7fqdwv9g3aznzxwh2,547,yankessowsky,0,31835,1,2513755302037,2022-11-05T10:35:08
bostrom1d4suj6cv7lqns0nmkpel2ll6j0ektjssm02nnz,548,petruha,0.43472262650703636,21564,4,896740673,2022-11-07T19:49:44
bostrom1kdzzwh4mj5gq35w8d825yvtwjtvaxr2xndyyfm,549,papasvet,0.7905608064956017,495698,14,20906060745,2022-11-08T12:03:31
bostrom145maxzk5lfjdlxtd8ctuuvdkj0sz272hr3gsmw,550,judas,0.974276199978928,100000,8,1970543673,2022-11-11T02:31:12
bostrom18a5wwnd93gpwelf5emtews80y3q8gs8dewang8,551,atom2themoon,0,25502,4,436768296,2022-11-12T21:27:31
bostrom1h9xrrzuglj3llx4s0tnj3x9jvlsjy5zcc5tdw4,552,sealmorbed,0,3142,2,20232289,2022-11-14T23:00:12
bostrom19a829wy8ducx4z4zme7stml0zreqwsxzdp69uf,553,newworld,0,37706,59,576472075,2022-11-15T08:30:59
bostrom1r28nhrkwcvqs4qss2l7zqdvc2qfdl8ars9t9rs,554,ðŸ‘¤,0,182393,2,5973773625,2022-11-16T00:13:20
bostrom1haxe7p6nlhzpxq6qm2n5ryuqdm5pj9n3ssx6hn,555,macsk8n,0,1117973,4,4831333166,2022-11-18T08:38:07
bostrom1vvsv5k6md3m5w02n7kk9w4w9ng9wtd43707rsz,556,vinuzeth,0,36328,1,555478038,2022-11-24T05:47:10
bostrom1wmgc76zzvjetngkyj2y8w6f3pnn49vwjskryel,557,thearchivist,0,53741,13,289369915,2022-11-24T17:19:45
bostrom1rkpdlluj6a7ksz5jk7zxu8zlurd9hkm4547j4h,558,ediobi,0.2568929316644802,83314,8,2847316475,2022-11-24T20:34:52
bostrom1vfw0233tezzhg2r09ay7zsa8u7avrr4p4kr0rg,560,cryptopunk4201,0.9999861299391198,81157,30,9662310001,2022-11-27T12:01:13
bostrom10vzhpxd8k4u39qfsgwztkup072egm3944ldaly,561,deswpan123,0.8035396929529927,4988,4,194193007,2022-11-27T18:24:20
bostrom13qwtj862uu4xms49r0jyjcxcjrd4x0twkeud8e,562,decam,0.8036183862508867,4100,2,759013784,2022-11-27T21:07:24
bostrom1uy8830027jlfs8udje8cjffc8vs4zm59c2c4aq,563,cosmosibc,0.5903447478617092,2967442,110,31919558561169,2022-11-27T21:36:55
bostrom1h0mka3ctvewnferj2j35sszvrqa32azu8gjwy9,564,hermol01,0.5873150399729486,4780,4,16222469653,2022-11-28T04:02:36
bostrom1aer4mfyc72n0r0tvfmkqrrfdnvaa5zgm0gwkmk,565,yongliubok,0.809442680898263,415344,5,16040065173,2022-11-30T18:07:41
bostrom1vueqv0h0k7hrqhfx8xz0cczqwdwdf3w0476nem,566,ðŸ‘¤,0.8791544389374382,29330,27,1434452249,2022-12-02T08:16:59
bostrom195t9yv9dvdtgwfh3rkmyuyx76gz9uv3lp08vqg,567,frenchchocolatine,0,1000,1,15330477,2022-12-02T12:50:09
bostrom1ncay4z3xkpymmgjr9mncykhlq8zrrvyxjeacnj,568,kadet321,0,5398,2,284790955581,2022-12-02T20:34:11
bostrom1uzw9h3mhq5jndrm6d2fn9u3rqz7hwzvquvmsxv,570,wonkaswyllye,0.959040573377665,27370,60,260123945883,2022-12-04T23:08:51
bostrom13kfud2fgkah9recll2q045jeuugj7jngvhmsra,571,starstation,0.036138532088969326,62525,2,2052841982,2022-12-06T00:43:25
bostrom1kwyfpky5kgpldgheeuy8uhmvq5jgsdy9hkypas,572,avmiller,0,4538,2,2023412130384,2022-12-08T01:00:49
bostrom1rz3qkrhagrmn5ucc7fjunapacw8s9pjs2llfy7,573,cosmonaut,0,15492,4,237463060,2022-12-08T14:23:38
bostrom1yk3nm9n8kd94rr5rsczuu86nuxp9qt2aeayma9,574,perouka,0,257437,3,1346929333,2022-12-08T23:40:04
bostrom1qlljvx0ggg0qmg3ffz4f3hd0tsd259n437zc6r,575,chitgar,0,30094,6,460086619,2022-12-11T22:35:08
bostrom19ztrw2k2gnzushs45fra0zteztm4dlu3cgsqgr,577,ipocg,0,117976,1,4351908978,2022-12-12T17:46:54
bostrom1em0skydg0cu6hewdk5a2rwesqgs3rca7p2qa5f,578,mineczek82,0,4418,1,13920365324,2022-12-14T09:25:02
bostrom1ely9j79ahytwj8e93pcn525r6zw90x9frdeq2h,579,bistake,0,234,5,5462557471,2022-12-14T13:33:29
bostrom10jqspauh47224w83w9243rewmzay8agfmu2axj,580,huitzipo,0,3000,1,45871892,2022-12-14T22:11:13
bostrom1kgpc2u8dr0eyj8344gwnjqt5da0st9gzvwkhc6,581,babylat,0,87710,4,295169840425,2022-12-18T05:36:52
bostrom1q20xmdhr5nqlvnva3s9rs0zp6qdn93fsh96wfu,582,valentin,0,1000,1,15290349,2022-12-18T13:40:11
bostrom1v9w49rtdpkwxeje8xnx9pnf9z9hyr2e00vqdyh,583,denispro2015,0,1000,4,72346948240,2022-12-18T14:10:10
bostrom15nap2dkshu88dq7fnf8sjasr92d5f52c46lq0p,584,gopnik25,0,2000,1,30581261,2022-12-18T19:50:37
bostrom1x755asu299qwzp9z3f2r6886ceut99hjq2sge8,585,alexksey,0,1000,1,15330155,2022-12-19T11:31:27
bostrom12eedqrmxxsx4s26yzeqs36se5dwwg2tca8cg0n,586,theregoesthefear,0,7341,1,69880882,2022-12-19T14:22:02
bostrom1d64c9uw88gjpeuwj9us82raw86sjg8mfszpmrv,587,skyp23,0.803542746141012,1000,3,46765695,2022-12-19T15:29:56
bostrom1ucphu8z086x9ylghu73wl4f3am3m9d3aafrt56,588,cybaifrmoon,0,61587,16,57494396789,2022-12-21T12:34:30
bostrom1ymeh4rj4ekc4zx2akjf48mcthkgxqjt5ggvj7q,589,9999532176777,0,1000,1,75129702,2022-12-22T19:59:02
bostrom12celxvd4q6k0aea9ytwd73mcq5p5vmdvv8wsze,590,cryptology,0,3000,1,67921009,2022-12-22T23:09:25
bostrom153l8ng6puwut2kcjj74fk5wx34jaktckmkwnnh,591,moonpetrux,0,2000,2,48312179,2022-12-23T04:55:17
bostrom1m7khcm73sn5k06r3gmqhd4a3tjya7cmu4wl98m,592,hermes,0,976,2,27007588,2022-12-23T08:57:00
bostrom135fcq3yd5m3tukz3lmfuya3sf65uukf642fhj3,593,nomoremoney,0,17810,4,1069379899,2022-12-25T11:53:58
bostrom1qe0mlgcumms5qsvervcpsvwgltc8vl4r234lc5,594,zlobobah,1,10241188,1,504596981151,2022-12-25T13:36:24
bostrom1m8yf3g2m9p7danjvt4ga6vzewy380pk52kcu9z,595,zlobabah,0,717686271,1,36076734895785,2022-12-25T13:36:47
bostrom1cmv7nhr0qhvusaq5c9nj5kt37g7unzr7rncgn5,596,babkavoevik,0,62609,1,1417516681,2022-12-26T06:13:26
bostrom1uhgksrvmlsnj6ylc8j9lkw8jdqp4dheuvc9ull,597,gregorypek,0,2000,1,100674593,2022-12-26T21:31:09
bostrom13mjqnjyp6wzxjdsjmhy700mtjqdfwtyzppk66g,598,venera,0.7489709572491304,205127,105,14422614775651,2022-12-27T15:08:16
bostrom190c56w0et3veq7u8enhf7a3zz6mnfapa42jhdx,599,magicann,0.8034757165379272,5955,7,46501322060,2022-12-29T09:10:54
bostrom137p3ll78yrlw3gtfltgwhdkz0qxke4z6mt9qe6,600,snapshotrobot,0,10000,450,461551238144,2023-01-01T20:44:27
bostrom1qxkysemk47lwxeafgz6dadlrzg0wn2yzclgn8k,601,bighead,0,13487,1,497519434,2023-01-02T08:55:53
bostrom1yf2fkjmzc5v5u82kcrxzlf7c9huyk559kt76h5,602,ramin71far,0.45475228206295587,1000,8,35842213,2023-01-02T12:00:43
bostrom1uyf6ut2ywutapndths9jmueee2uvxlluuefe5g,603,choppyship,0,550616,8,1260522339672,2023-01-04T16:00:45
bostrom137p2qrs3qw00c28679pwu4a76md48q8zm3hden,604,ambedo,0,3291,3,364427185,2023-01-05T05:05:31
bostrom1gvy4vk6v2rzpd9my487l358uajec8n0vn5c9us,605,maximxmoroz,0,397785,22,4243295415227,2023-01-05T11:17:54
bostrom1jgf04cqt3jns5scpmtstux56r0x6tckhg4hsk5,606,pronodes,0.036153253202077726,34952,2,1208848711,2023-01-05T22:53:28
bostrom1u3ap2d4ytcqrr6jlsjf380g3lvgldq4m64s7dg,607,chigiviktorovich,0,1000,1,9519128,2023-01-08T15:38:07
bostrom1g45nzfsyq597pkncz7zl9q0zqhpe8yuw7x9mpg,608,lolo6000,0,2000,1,100428291,2023-01-08T21:35:59
bostrom18ku3c4hfyzh77dm6veq4q7kw2334x7g3zupnfs,609,keeeeremt,0,2000,1,30656861,2023-01-09T19:20:19
bostrom10trdf5eyfcmc9graltx4hmpgznhrm7hdz82k2n,610,goto5k,0,224776,1,1684261,2023-01-10T07:27:14
bostrom126kxgnzt7m82alsc97kuth9ghc939tc26qkhku,611,robert-b,0,15179,1,144121804,2023-01-11T21:37:06
bostrom12hmrnuecynkmzrpj77fw0nj8g44cy8t3wr46me,612,kryptogreek,0,1000,1,22640781,2023-01-12T11:16:58
bostrom18nvzkc48042mkks8p98nk7dsrmzygsdqagtkyn,613,genetic,0,70887,1,1086731565,2023-01-12T21:46:22
bostrom1w2jmj6ndgraxu48hnxsmjj4en5exmcmaa55wdr,614,whatthefox,0,1178,2,368666557,2023-01-12T22:30:37
bostrom1lxx3jfwny3yd97s0dzunchmnzh0ew8m80a9zz9,615,royam2022,0,1000,3,107467576,2023-01-15T15:30:15
bostrom1jnt5ax8njyys6w7mtn3chw27zrd4vfn234ac9v,616,alexanderng,0,2000,1,211032187169,2023-01-17T11:30:10
bostrom1wew52s06l3k3cz4r5ttjjaxya57sv8xkh2wcpm,617,joyshop,0,17073,2,8946953498,2023-01-18T12:01:46
bostrom196v7pgd2476p0xaph9cc699ap2cd3chyqlnzls,618,paragism,0,1000,1,9495004,2023-01-18T14:52:22
bostrom1qm3rk2a42wsfrq94gzcpmgq7r48aguq074thar,619,ðŸ‘¤,0.30211741216452687,28012,4,1162008437,2023-01-21T21:55:29
bostrom1z0fe0xakfy0qaedq7tn3x6pw0ypajuhysdzr8j,620,veritus,0,4733,1,45054653,2023-01-22T23:08:18
bostrom1v5prcj2fsk23qft97rhhyfjh8wtg35vlxtcjsf,621,balrogus,0,1435,1,21941651,2023-01-23T11:35:16
bostrom17ljslchxlj5s2uu3s3v7mypf3u6uat3amr79mw,622,hamdaitun,0,21699,1,206553555,2023-01-25T03:52:02
bostrom10sfqd5073mzvdvsnu5u5r4m8673lklvtqazuz5,623,bearlylaughable,0,63957,8,113518758522,2023-01-27T08:36:00
bostrom1maq47cetfju4d6yfjk55p334xv996mrfkvqgqh,624,linkgold,0,2000,2,284641850036,2023-01-29T04:21:17
bostrom1skhp6psavlpylus4av9grnxrznkkucdy07anrl,625,rumitoast,0,1254,1,19174098,2023-01-30T14:42:48
bostrom1jsj9hewhd8dvwfckmgf632r70ajaqkdv8sqv5x,626,staystealth,0,16527,1,253373064,2023-01-30T20:42:53
bostrom13ce5xmpm08c8e48hum4t08mtax59gtgxejy7y9,627,zulmacho,0,5131,1,78571290,2023-01-31T17:27:58
bostrom19546utgx69m27uc3wrpx8956f3xyhruq5ylzww,628,xemaruii,0,6558,1,100275957,2023-02-02T08:46:29
bostrom1hwvgum37f2gq74htfsrgft3vwrpyy4lzl54j8l,629,ðŸ‘¤,0,10000,2,39462805,2023-02-04T04:58:57
bostrom130zqqa796hen6g6nfds6gjr0kd0yw7yh5af0ch,630,cryptosamurai,0.8035471231015497,1000,2,62572284,2023-02-04T12:22:26
bostrom18ltzkhzh7kyac97hxcuplqjp3dsnnqy2c4thq3,631,dazski91,0.5613424816655761,2438002,66,610512574331,2023-02-06T13:00:32
bostrom1n5yr7uxk9eza6m29ew7zvrc0zkd5nvwewu3kgj,632,notwheel,0,2002,1,30691616,2023-02-07T02:06:01
bostrom1x02qsknsydefvk03sepl0j8zej90tn9hq7n6wg,633,chputovich,0,14,2,153337,2023-02-07T19:23:51
bostrom1fx8w4ptv2sklkda6ud6gl8qz2ye6hn4ty5at58,634,nacho182,0.8035258846225438,76,2,4768116,2023-02-08T05:34:40
bostrom1qqnlsrpk5uhf6ktdq08g52tjeqmlmrsyx7vhz3,635,emmadiva,0.9862699737195353,12917,8,23471656970,2023-02-08T13:48:46
bostrom16pxc542fnvjtn0lzxv9tvsgg4uc5urjtfw6a4h,636,cosmicon,0,1000,2,27057808,2023-02-08T21:29:50
bostrom1cj3tymkp9ujdshvr6463etycl7tlaumau7q0ye,637,fengyun3,0,1000,1,15328430,2023-02-09T07:32:24
bostrom18mn323cftrxwpd00kg7r97uw79era5rxljzyuq,638,0,0,55442,10,1253808617,2023-02-10T12:26:59
bostrom18aav27875wy0zlr34vt88nnwlr2prx09hqeupy,639,permacrab,0,30026,1,459969616,2023-02-11T01:41:04
bostrom108yw43as5l6gchwx8f6xa2d9zce45gw0pw0k0z,640,wishxy,0,21672,1,318429270,2023-02-11T22:23:22
bostrom15aq8hur3uz7yz2q8juewm2s2rjchgma0mjm3wk,641,jerrymander,0,88323,6,1167305841814,2023-02-12T12:27:41
bostrom194agug687wrep7qfkl34vj5mgnhnv0ueq4arvx,642,runescape,0,91178,3,2588008420,2023-02-12T14:38:45
bostrom166tas63rcdezv35jycr8mlfr0qgjdm7rgpzly5,643,42gboot,0.38368188519187335,4000,696,18938555361,2023-02-13T14:56:41
bostrom1gda0q439l4w8q7j97wc692rv8rahc22q88wkqf,644,anodie74,0,124456,5,11247729228,2023-02-13T21:29:14
bostrom1ttq46r8wd243pz4wqn28at4xyx2cdglcmxe8kd,645,woptop11,0.40030800198133326,158118,20,94406450439,2023-02-15T01:54:10
bostrom1vdqlc2xqd87vg4l7jq4ca9vwe4890slqchj9v5,646,milkshake,0.5106978264288703,28403,24,151812701967,2023-02-15T02:40:50
bostrom1v5fq05qx38vgjeagy5k80z2rrfzrfar22727w5,647,cryptofreak,0,2000,1,100687874,2023-02-15T12:07:10
bostrom1eywufmvkl4805stahfkdt0qetc3r0zvhhukfj0,648,cryptochem,0,2000,3,59463008,2023-02-15T19:12:50
bostrom1jvq75wt44xhex7qase88wjazunlqhx9rfgjmc0,649,leoboi222,0,632571,1,9696764321,2023-02-15T22:31:30
bostrom1layueud87zuqntvts82vxmj207gdp98kppeycf,650,kankoran,0.2930432869568654,11455,20,63120915302,2023-02-16T06:05:12
bostrom1m80aknc8v5y78eva0yj0kc66u40d7wndmvu8dy,651,ðŸ‘¤,0,17186000,2,688158676415979,2023-02-16T15:12:02
bostrom1lre3ngcp35jamc5sx7ejnxcp6wff885w6n059d,652,chainstake,0.7310213128511847,1029124,66,8687079272403,2023-02-17T01:00:50
bostrom1fs99pquu4055y754e65909k0z3h5arupmllgej,653,xylent-knight,0,9662,11,1548656835,2023-02-17T15:13:46
bostrom1f3jr7mje02n9l8mystcgttmyrh3wfg380a3ktz,654,korpsian,0,80945,8,4456013508,2023-02-17T20:33:10
bostrom122st3vfnqdtfqf6jjzkfcr4grvfsezzggmpjfs,655,maximocosmo,0,2000,2,381397015,2023-02-18T02:55:41
bostrom17wsdwsf9ugnwq3qk7q0w4uy55m74pvtszjsxc0,656,yashikde,0,1000,1,15328792,2023-02-18T12:13:49
bostrom1zfqwy2d93x7krkn8k04ahr5knd49aszyzdl8fh,657,christophe67,0,1000,6,30986782,2023-02-18T13:35:22
bostrom1k9ltkqkqgqyued9a2anvkhm6zrkkm4953tn4cf,658,nirvan,0,1000,1,9519035,2023-02-18T14:48:44
bostrom1sfwnhw0vj79hlh7qm5lgpp2hulvd3v070w0vkh,659,twist,0,30187,4,466116421,2023-02-18T16:07:04
bostrom1nzfwrs4svhktxs83pd2j6zwm7x5y050l3sfp3s,660,artemisa,0,20089,1,307167833,2023-02-18T16:49:06
bostrom1kw82htksxcmgfcjpkvwqmn447zhk62sgptv60d,661,cosmosdext,0,4000,1,38077340,2023-02-19T16:29:42
bostrom13eehekx464l2qtl4xfyzggvd77nef22x82asv8,662,mazw1010,0.7175005364537749,119266,18,128160141441,2023-02-19T17:43:43
bostrom1xnpytds00wsyy863lxtxfcsaet2jkzvsqrj5ss,663,alexvee,0,2000,1,18989631,2023-02-19T21:09:04
bostrom12p3t9mpuc0ct6uj2ns2xj84un80x0q9stxq9uh,664,masadjaved,0,262817,6,244408373758,2023-02-19T22:10:12
bostrom1wev8ptzj27aueu04wgvvl4gvurax6rj52ucdaf,665,moonpower,0,2028,2,148488534,2023-02-20T03:12:41
bostrom1fnrjt3xw5c7gxnwt5task7lllxz5eleasf45q5,666,bloodmoon,0,1000,1,15328792,2023-02-21T08:09:53
bostrom19nmt2j957apgy8r3nc5npjq2ex342r6u87vjfk,667,nguyenthanh,0,1000,4,31469080,2023-02-21T13:34:33
bostrom14xf2w2q33g9683ufrmzqx6kn6vq3kt849d2py3,668,redrrr1989,0,1000,2,9519128,2023-02-21T16:06:19
bostrom1lpu9rtc7v4hy4w65fwl5mhteup2fdlafyyy83f,669,saturnia,0,9128986,1,19217217402,2023-02-23T06:06:24
bostrom1hqujyqgqhntej5zysys3fkmkj9pjp3nfr4whnd,670,lukas77s,0,6277,4,95963999,2023-02-23T17:14:49
bostrom12jz9a69sr4639ua0ltq05xse5k72ch9czgq54w,671,petersal,0,5013,7,754103073,2023-02-25T13:33:51
bostrom1uyevha053zc27jqcsefhhuv30tgfsfg5jv58wl,672,saint-joy,0,1034234,38,302671757409,2023-02-26T13:13:36
bostrom1nz7px0n3e8jpn6r5f0v00urjk9qhxagm2n3cm6,673,veranpeled,0,1098,5,1088289143,2023-02-26T14:25:02
bostrom1egqnmjj4565drv9sra5e005sa6dssh99lcf78l,674,teacherwright,0,51079,6,273630406236,2023-02-27T09:43:33
bostrom16t8t4hqepelh48wkfjxzhdsjasku9hvz9sx7ml,675,xianfeng,0,1000,1,9494815,2023-03-01T03:25:15
bostrom1tyud3zvavzauk4rwn59nxu993amcx867m8vylj,676,confusious,0.033842717376586555,2598,6,111282794960,2023-03-02T02:31:15
bostrom1f5warat4vc0q98k7ygys4saka8u04rfxpmthvl,677,happylol,0.6167363870727205,9129999,33,853762885271,2023-03-02T15:07:06
bostrom17aj77rmqug878y3kceva493mcujj6w7pecfg9q,678,qwarcer,0,2999,1,45856602,2023-03-04T22:48:04
bostrom1xh5avq9u28fk3ytaqe5zegx4ktpfv72mrf0p86,679,lukasztul,0,87,6,15047091843,2023-03-05T03:11:56
bostrom19pa9w5qf5ju383jq8dgz3zjjg750zrmwdmcrgn,680,demirkamil,0,1000,1,22700531,2023-03-06T19:48:59
bostrom1hyhqgnz0j7y0nz07qq6q3cmmz2ykt5wlmkvzny,681,123456892121345345,0,17962,1,662596877,2023-03-16T07:52:23
bostrom17mjr8tmljdvd4hlt6adzcuws6mzadafqy35tyh,682,zackfrack,0,32156,1,1247319115,2023-03-17T17:49:18
bostrom1uj85l9uar80s342nw5uqjrnvm3zlzsd0392dq3,683,dasein,0.685943161932861,84588238,112,30153730323248,2023-03-19T14:10:50
bostrom1vdzzv7urruwu9wm8fwnw7vakxy2t7mw75ywptr,684,crypterus,0,136958,9,2822925842,2023-03-20T07:01:22
bostrom1qej26grgx7zwan0ll0s5xph6xfpsq8xlfsftk4,685,ðŸ‘¤,0,61485,3,942617709,2023-03-26T19:34:51
bostrom1wyayefj28xgsdwaq3tvn6vg2x78wqlepf6ex99,686,solomon,0,1000,2,22640336,2023-03-29T17:08:32
bostrom1hmm0gu0fe4mgvupktzw7dq904exs2x436f33q5,687,0xzaitsev,0,43814,1,409103341,2023-03-30T18:52:02
bostrom1y8hxkacd3hkmvu6c3rjrmxzd0l66l0kz8ce2t3,688,thedefidon,0,1000,3,40681719,2023-04-09T23:38:14
bostrom10audlm0h943e9a8cyhy9xnz42f5tj0f3amtq0k,689,criptogus,0,2000,2,37431026,2023-04-12T09:48:55
bostrom1u9hnrmryx6kg5v5vjy3j9nz83cfgapgnzml95d,690,shockunitkowalski,0.8035471231015497,1000,2,62728411,2023-04-12T21:29:38
bostrom12nr0nu5k8uxyg2g0ra75elqsn4my5mjk2zgsaj,691,spacehammer,0,57096,7,875112382,2023-04-15T23:21:06
bostrom1v6fnklkj5av596xrv9sucdvcgk7llhracu2yqm,692,pampidap,0,3000,8,998169319492138,2023-04-16T16:05:06
bostrom17m4804kq3yd74p090fcm6dg44vp8xq2d6c3xn2,693,nikniknik,0,89254,8,1136950116,2023-04-17T18:18:15
bostrom18fvwhm3066jz5w5mcmtsa270ga2azxt2478yva,697,fancyturtle,0,5,3,1147862671,2023-04-21T09:14:27
bostrom17ppa4sx4nqsue93v0cagrrwgjtwh34egwffett,698,stakecito,0,1000,3,15716224,2023-04-22T15:03:33
bostrom1pzwel4a5ft2256au8xqy89k04yxavgs5d58gep,700,hassaku839,0,1000,1,15328108,2023-04-29T11:13:43
bostrom1u7xwld7jrsj3dh8a7chezj8nj2ac36e8wgvfr2,702,gimmedatbean,0,88,5,1303090,2023-05-23T13:56:15
bostrom13nz94g5qu7tlhd07py556mta27e2e5yaynj6uu,703,ðŸ‘¤,0,1000,3,299577439,2023-05-26T10:48:01
bostrom1fyv9h5l4zpjpjke2vppqr6l950lpcz4cfkvenu,704,tillemon,0,1000,1,9495004,2023-05-27T06:14:07
bostrom12yycuxxyavwwfw3n6fm3mmn3udu70p24auq3r8,705,billsmafia,0,1000,2,9520596,2023-05-27T09:38:41
bostrom1n6ndqn6fcf5l5qxxfnllu06c3xd92ddf6phxxz,706,neontribe,0,3000,2,150639742,2023-05-27T11:06:03
bostrom1qp59k44d9338qqc2vx4cc8rm0tnfwwvhwhg7wx,707,cck689461,0,1000,1,9519035,2023-05-27T11:52:25
bostrom1v4p3lvawskszxjstkp9en5sq44z97jylcg2nwg,708,doylebrinson,0,1000,1,9519259,2023-05-27T13:01:13
bostrom1ka56shsuqku6c8apzg5neksn6uve6xq7zz7asq,709,adam1111,0,3974,1,199547446,2023-05-27T17:08:15
bostrom1qzthccvl8fdm62t9843fllfntahwztm8j2tdyu,710,alialaal83,0,2000,1,18990008,2023-05-27T19:22:03
bostrom1mvgt2mgadtn5yl85eexzzyr93nrfpd3v4p3gn2,711,krisgravedigger,0,2000,1,353569578,2023-05-27T20:07:44
bostrom1jqgzknrznqdnw92g69fgq0sy6g2pq5ufn85x3f,712,mkonrado,0,1000,1,38786646,2023-05-27T20:09:49
bostrom1w2c6pjwkyymnecuqwkr3yz9cu7lcgs5endl9sh,713,abhishek,0,7132,1,67846857,2023-05-28T04:00:20
bostrom1kkv402z0nxtf0qvpk3m4s0zjh0ltwv66he0j95,714,darec1,0,17208,1,865670638,2023-05-28T12:49:57
bostrom1jj49qcdkmvwca3q52unum603ypxh4520cx3yqk,715,whiteshade150,0,1000,5,482227293,2023-05-28T14:17:46
bostrom1vd6nak22s0cs3nc3qpnkvr3m9gv96xnn7uq0lz,716,whatisthisabout,0,22723,3,1535329739,2023-05-29T01:10:06
bostrom1wczdgzkqgy0czxhnhnt5c4plftaarejf5yrqud,717,ggggggg74,0,4557,1,43333866,2023-05-29T18:22:21
bostrom15p6l77la6y9thhwydfesp3fue2xavhy0pfwwa3,718,jrzycrypto,0,1000,1,9520596,2023-05-29T18:30:33
bostrom1hw0ufdhmgdfdxr32evzk2z40lzll2me9lpjspj,719,38920011,0,1000,1,9519259,2023-05-30T02:28:49
bostrom102qk6946cweqm678a0da7e5vusglvhrnprh3g8,720,212007059,0,11154,3,34895468,2023-05-30T12:18:22
bostrom1vcfxyfy90d29m9fr2gql0gar5na3dlq8xfq0s9,721,lifteatsmoke,0,14688,1,738909382,2023-05-30T18:34:43
bostrom1385zfq3c3z2d8tqldn4u0g6vlqmdek2drk8xs2,722,gohngalt,0,1000,1,15328430,2023-05-30T19:49:07
bostrom1uz07k6e0txmv3agfczp4yqm7zsl32fkwqp2lle,723,froddosaggins,0,41499,1,634534218,2023-05-31T14:18:44
bostrom1smh33kklrs5ncrwwew68vphuynsaefz2ptq2kf,724,chickenpie,0,206979,1,3164839489,2023-05-31T20:27:22
bostrom1jlyf0y8rfjlcgjfjnyz6ag63jkjddes3fayje5,725,redhawkd,0,49,2,2787622315965,2023-06-01T00:16:10
bostrom1v5ft27rre0m3th7etfvm5c8vhw462vh6f98r0v,726,bbandz,0.8035983873562441,6248,7,66539372,2023-06-01T13:06:00
bostrom1ulskjvjmggnveyjdraz29a3gtf2hzefv99j7f3,727,20220720,0,2000,2,19038518,2023-06-02T07:00:46
bostrom1ddcf8prazvw22sm9gd98gau7jhwxhdqpv9g2sd,728,stefansky,0,34988,1,536396006,2023-06-02T22:54:44
bostrom157kp05ak9w4nd52hkt6n0q5y99fnuttpu8ahnw,729,sektionf,0.03614280551110524,12915,11,7132410163,2023-06-03T14:30:24
bostrom1zhcjyfzrnq20ucmsp6wkh4z9we399t2ymlep2w,730,quasarfi,0,3187,8,2093230472,2023-06-20T19:53:04
bostrom103verdnv4pzztty50ua7gs5gj25l2gwu668vll,731,rickspindler,0,1000,2,38787562,2023-06-23T02:46:23
bostrom1jcqjltldktxujz2tlcxzzpkv7uyxqf8z34yw59,732,pain1987,0,41959,13,117589469,2023-06-29T20:10:03
bostrom1m7tdnxj78twh9a8p08fp45m29f84g9nnnn2kq9,733,marinheiro,0,1000,1,47598172,2023-07-05T19:52:54
bostrom1gjkf7tlgzrwgvlpcyvrsdv503p49tx8fut6wmp,734,eliotus,0,41201,1,391195894,2023-07-11T05:00:50
bostrom1unj5p894q6z96ur5f5skhlg9qmrzq77erakla8,735,peeropio1,0,2000,2,77380801,2023-07-13T20:33:33
bostrom1d856f04nk57mmrd2skf6khqtlg5dazqfapw64d,736,ngeteh48,0,1000,1,15328108,2023-07-14T03:18:33
bostrom1thk3e895cspqemhf6le8yw4tr3ahqm7e5r6dng,737,0xredpill,0,2027,1,19295085,2023-07-20T09:13:24
bostrom1pss5jer8r00zv6x562uttctug9u96f4kpqg44w,738,esraderey,0,261792,85,35223564397405,2023-07-24T02:34:15
bostrom1s6v5ragv9gg3sq7j3aeqtyy82uaxv3y05hzhh8,739,forthefutureweneed,0,736077,8,38624522502,2023-07-26T13:53:06
bostrom1kaaxhzud2ev7v69kwkf8vuvhst9a36wz5l424q,740,demonking,0,74040,3,2940777377,2023-07-30T15:51:33
bostrom1z6g247e70vy8z7rr5pgl06dth9w6ce62t6kk75,741,beefsauce,0,342,5,2492605436,2023-07-31T22:56:53
bostrom1n5j7u56k36274qr8qf6nshln0sa8xzy8lars5z,742,reapah,0,1022250,3,358319872224493,2023-08-07T08:19:04
bostrom14uzu9dcdqaw0fnnxtjk0uy92c3rv3ae68f5pn6,743,domashno,0,15053,4,554069966,2023-08-16T12:45:30
bostrom1tqmd20lhv6dz42uwwytxu8gnqrgmwmjcz8fdds,744,airdancer,0.28543048335518917,372770,21,16451888789,2023-08-21T15:18:22
bostrom1j7j9z3qhmgyww77k05akx0lr27nhhaq2468knp,745,cybull,0,173502,4,15419743171,2023-08-21T18:39:37
bostrom1l69s59zhzn0m0035wa07tek5crqmtm27pnxqkr,746,soulgoodman,0,127655,6,36510279876,2023-08-22T17:16:10
bostrom190wd7qz430c9u0jq7ngcwv5r6h7l3yps3m5j78,747,hubosbos,0,2019,1,30952234,2023-08-30T03:39:38
bostrom1q8s803f4s4kfc46h6jz7e36ha800slxmr7ljdm,748,lalalalalaland,0,1000,1,142713830,2023-08-31T20:55:42
bostrom1q3aurehzmn4hskpa775h966g7xsudcqcqhk4hw,749,moonsussy69,0,708031,11,14501315059,2023-09-15T16:42:05
bostrom13n3jqevsznxzes3jwcv7f7xk6puagl2njrnrpl,750,hakunamatata,0.9736758078477745,12317,12,29404421238809,2023-09-25T14:17:27
bostrom1j42y9e4dqlaw98h950dmqsaaalnxvrlg357f8g,751,underkong,0,1045349,7,6885187690,2023-09-28T18:39:50
bostrom1m8ephnjhmrwgp5hqss80dex3njdkfwq04zlfqp,752,alpri1989,1,15233,3,1388093584,2023-10-08T19:52:35
bostrom19axcqk4pdrklhcjk43y47esv34296p6mfkmr7g,753,citizenmars,0,19813,1,303709369,2023-10-10T21:30:43
bostrom1hv5r73wrm4cgrz8ucrm399982vt0k300c2velp,754,ðŸ‘¤,0,1000,32,5230617446,2023-10-18T09:29:55
bostrom1dqs3z5l46m4fvtrqv40trryaxn48x4cj5vnvdn,755,bro0075,0,18380,2,7828767912256,2023-10-31T05:02:22
bostrom1pwf797f3m6uzcc93jshj7zxks5uqt74rg0xpvw,756,alexabudaev,0,67665,2,1278614540,2023-10-31T11:50:43
bostrom1gxhs5wzam5rlgf6cs0lkme400ut64d4ncpfs2h,757,cyberhead,0,480087503,3,7351606791476,2023-11-05T15:57:44
bostrom1mn59k3599mzn3wsj549da8xa80f2k3gkj0950s,758,ikorina,0,14267,1,551985785,2023-11-07T21:17:47
bostrom1g6t34m6hv3pyfyysvp02sl7k5f08h3hf8udnuy,759,ovannumber1,0,2084,1,80829672,2023-11-16T13:59:02
bostrom1t6r2lk86wp6aukz443fzln9k84qm62eud6g8uq,760,planning2030,0,131168,2,316424656,2023-11-19T20:43:46
bostrom1cd26nn4eegfxmmktuaym54kt2mqlnmf84yc5u8,761,trampyhowhow,0,171609,4,5638965243344958,2023-11-20T16:45:55
bostrom14hzjrzk7n2jqpr73z3kp8tj02eadfjwe5cqfa9,762,delishus,0,28579,2,271342837,2023-11-25T23:43:03
bostrom1ktlpeqxdaa8etjugnuvavcu3pw65mx65fumvq5,763,amaochaafarambaitoli,0,16,1,619046,2023-12-02T00:01:39
bostrom1yzszf252pxc0veyt24ysm46hgymxgm3wte8h98,764,riswanda,0,8,1,122630,2023-12-04T06:28:19
bostrom1ktkq0qln02d2stakzq469j489naw5w9lr2grhq,765,chromerate,0,1000,3,923424317,2023-12-04T09:26:28
bostrom1czw50y97zentdcyamsnc8d3t3mr5tn49keypv2,766,dragokazo,0,1000,1,58311804,2023-12-05T14:12:01
bostrom13hfg6jgj0xhlq0zgr0pxll2gcv03lzfwnxf3r3,767,miguel1981,0,,2,0,2023-12-09T15:32:46
bostrom1svl6qlaxz36z80lhjsvtcsuhxzufhw4u2leujm,768,cyberboot,0.5941483368584254,12222,43,5104647017,2023-12-10T15:03:29
bostrom1sq62r0v2582rhcyl9rwh4d7zexmnufgzscu8pr,769,aga1111111,0,1000,2,608390623,2023-12-10T20:38:26
bostrom1s2ud6ypjqe2nzwwsug8fugv2cmucxfz5jvdyvh,770,cryptocristian,0,8000,1,841949628000,2023-12-10T21:41:30
bostrom1dn2wq28cp42ur2tsu0gmymwncg5ls9t459pqtu,771,cryptojack,0.9734959887584393,8306,17,4118007796,2023-12-10T21:42:02
bostrom1jc0sg0zjpz35gw4tlgn7efyzsmx87zscvyf6ns,772,axl140crypto,0,2000,1,18990008,2023-12-11T08:01:41
bostrom1778yz6psau9dypjq0xjm5pa9m84m58284x8r9e,773,ytrebil0202,0,25711,2,1609887576272,2023-12-11T20:34:23
bostrom1t3myppltl0jznzttf00lva982t8vl7eh3aq4s5,774,moon-wen,0,1003,2,9513994,2023-12-11T23:45:14
bostrom1uzagax6vf0dwzj4hm4wtgfjwat8mvzdrdcfsj5,775,stoykolinov,0,1002,1,38870371,2023-12-12T01:13:18
bostrom1ytkmzrcz5k8e56d0slu4cnyn9cgaf8l3sg3zay,776,fantacat,0,1000,1,38792786,2023-12-12T16:16:49
bostrom1kq3hmeju9hn0lnkwsn3xe0ghce8upl39ll463v,777,zyprexhh,0,2454,5,94944495,2023-12-12T17:41:18
bostrom1wlp3s003m8yktac7gza0rnu8tum09v2t8x46pa,778,bebeerooo,0,2000,2,77573293,2023-12-12T21:29:25
bostrom1ktvnuysk4lz0westx7wg9q6rggz8e59z2gsst6,779,stephen69,0,187902,1,,2023-12-13T03:52:12
bostrom1vk6z2aa4hwf5kkd07248q8sm5xqzdduerztfew,780,rafcio19,0,2000,1,,2023-12-13T15:00:27
bostrom14yzqd0mn0gsttacz45japvu604t6423s4mpelv,781,intruder86,0.9462144046626231,26178,77,,2023-12-13T16:16:49
bostrom1p2k2w0enr4vsjchfexr8079y6sjy5u9ppq7psm,782,cryptoshikun,0,2000,2,,2023-12-13T16:43:45
bostrom120kcsxkqcpega3uaajszas4lg2vmeagtc4s2yc,783,whythonope,0,2000,1,,2023-12-13T21:19:37
bostrom1t4ssv0wcd3hrl3h5hpjay40tsrar4qywxl266l,784,gekko-eth,0,118319,4,,2023-12-14T03:10:54
bostrom1zswrrnduv7w3vqqxll2vr2u7u67677egl46k8z,785,mranderson,0,11512,3,,2023-12-14T03:27:47
bostrom1u92yyjn4gaxqvqt655dpzy3zwglra898xkeul9,786,santa-claus,0.5873503839378379,8471,4,,2023-12-14T05:53:35
bostrom1vkmzd9cmyg0wxj29xpxse990wg5syzq6psue8y,787,kessyboy1,0,1000,2,,2023-12-14T10:56:26
bostrom1q5j8am95lgsvp02kjl36j0wufhktxtuppqdxrw,788,kennnnnnnny,0,20321,1,,2023-12-14T10:56:43
bostrom1z9tc2ln0cak4p4v3xld567gd4rrpxmdr3cvlp0,789,giggs1186,0.8885395123852748,18890,41,,2023-12-14T16:28:11
bostrom1lamfr7ufuflu6l7aukgjnrqzcg4ad2777xzy5e,790,binniboy,0,42462,26,,2023-12-14T22:16:46
bostrom1r5kr8pvjn9kjfcnzr3fqegvaf8cchk660ywrgw,791,jjjjjjee,0,24702,2,,2023-12-15T00:37:46
bostrom1cta6as7h8zmysdasa5ttdzmtjzh8jv94p0wfqe,792,cryptolinx,0.48310296288998295,15698,33,,2023-12-15T06:43:51
bostrom184hunx8zz70qdwylfaxhujdps9rq5uuy2eg0c7,793,daweezy13,0,13198,1,,2023-12-15T09:54:53
bostrom1a02ph8477mjflj086rdvslg7u8525247d5jhh2,794,iamjimhow,0,2093,1,,2023-12-15T10:17:02
bostrom1jvph7hwcd6lvzhrx5rmgndexz5kw8ltkglmf5q,795,kakaroto,0,1000,7,,2023-12-15T12:20:30
bostrom1zkdeaqkt48j4k3wgwqjvgz4wflx23jnjy93z0l,796,allright,0,390894,3,,2023-12-15T12:45:00
bostrom1pknzjesa7q7szkddl2tlqyyuvfjpww83sfg3rg,797,jtawjtaw,0,43371,3,,2023-12-15T15:53:16
bostrom1nhs4jkz6k2fwnh4ft7ea95y3hfyu8fvpkpnv2w,798,lewski22,0,14507,2,,2023-12-16T00:59:20
bostrom1uaat30zvmpzu6rrsjsalgltx65hma2pkyaxat4,799,wikisum01,0,8480,1,,2023-12-16T14:36:19
bostrom1cuy0z9mwc4n9av7r5x8vc4suqml0870f5cks9d,800,senseibull,0,211768,2,,2023-12-16T17:30:27
bostrom16r8masj94zav9fhwg00z9vkx2rpvd9d4c22xln,801,gradzio7,0,2000,5,,2023-12-16T18:59:46
bostrom1d90ckzwv02edgp9qfsm2pxt738rn0et900jx4t,802,othnapcalx,0,3000,1,,2023-12-17T10:54:22
bostrom1l6rh2f096hk0d947jq2hlt27v9mgk8r7gmr0s2,803,bababooey69,0,46769,9,,2023-12-17T12:46:11
bostrom1mdpmdajvpv4f9p9zcxaw9r74seggjwuj4xw00v,804,peacelovemusic,0,33602,48,,2023-12-17T14:10:11
bostrom1hce9n95e33qplgxujezffsv0sauj9x0c0rvgdk,805,laughcrazy,0,439340,5,,2023-12-17T16:33:34
bostrom1lgu66ly24wz0x95hkhuzny754hfm9pkungs97d,806,cosmosjunky,0,238942,31,,2023-12-17T16:34:13
bostrom1ncqcmcw7ysnwxsws5h4e3ydzf6qfx5l34rpmj8,807,ksi00003,0,38023,3,,2023-12-17T18:34:43
bostrom1v3hpszx76a2207q84sfknxwaj8jt3s5g00vvx4,809,moonxmoon,0,1000,1,,2023-12-17T20:39:50
bostrom1usztn56aj5fehdxdd7w3d556rhh93gp67tmqt9,810,prisha007,0,34724,19,,2023-12-17T21:58:55
bostrom1ea9ta7df8wn5ffdang9paunwn6afj3sl8jrk2k,811,hammertoesknows,0,4322,1,,2023-12-18T05:59:40
bostrom1kvg8medh838ec94gxdkf6ckedx77l8ftmvjhpu,812,aztomoon,0,1000,1,,2023-12-18T10:42:24
bostrom1j8cd288lftl900n72fw2sxyzy7r32kagul6s6z,813,capitalist007,0,4032,8,,2023-12-18T12:55:58
bostrom1hjlvn4njqdda4feflggzxtsd0hyxhdavm00wkn,814,zebrozavr,0,1000,1,,2023-12-18T14:41:57
bostrom19fwyu73zxyt20v8yp34yec3xknrr3qwc6m723c,815,petify,0,1000,1,,2023-12-18T20:27:22
bostrom102uur87a3xt2wep6hzpqjujjxau0ge7wykqg8m,816,87davon87,0,4000,1,,2023-12-19T00:15:28
bostrom125uwvkh0je7ug5dsv0pgrquef89k33v0rywexu,817,createfuture,0,32386,14,,2023-12-19T09:36:37
bostrom1pew3peyclv0dkr97narjfpzelljlsdj497utuj,818,iamgaurangdesai,0,103739,2,,2023-12-19T10:52:15
bostrom1wv0qx5t95324035c5nq8e4w3yy99704gd8f347,819,85882023,0,45295,1,,2023-12-19T14:51:33
bostrom148vmqxzgp4yc996pasredy3v9sw8sxzscknll0,820,onondaga,0,63983,1,,2023-12-19T19:37:16
bostrom16xxg80lz07yusv8gpafyl3vzehqetmes7adf3c,821,osmoman,0,80470,1,,2023-12-19T19:45:40
bostrom17jwrzlcmfnxy6dej8qz8k0edy9nxzp7qd5atl5,822,matteo1992,0,2083,2,,2023-12-19T20:49:44
bostrom185z508f7j4err2ytyxzs86f4ht44kw2zejqv2k,823,cryptoape,0,7000,1,,2023-12-20T09:55:11
bostrom1hjdjjt3lh8hqvh3vhmum20evqwm674eyhmhfzh,824,empirebeast,0,3653,3,,2023-12-20T17:01:23
bostrom1xqja7x004kr7nwwwuklafz6x624yynlk7e9nsx,825,cappenana,0,43035,4,,2023-12-20T22:00:04
bostrom1afvxl0np7yvx992lhckvqppfqplpcg9837v6m3,826,howuleave,0,103087,5,,2023-12-20T22:54:01
bostrom1d3sfpmuyjt0c36ghrx46hq402xypv8p0e5tj50,827,hartja1991,0,4020,1,,2023-12-21T13:02:41
bostrom1w667dukmv9aq74qk8rsn549v9qvl0tp3f7y8hm,828,yangdongwoon,0,2000,1,,2023-12-21T16:23:04
bostrom15hes2vk75h6mwe7cfkumnxamp9cp8v93v2kkwh,829,svasilenko,0,184387,3,,2023-12-22T07:35:17
bostrom1wm3rms866660d44nn65czykfkf49mksag02dr5,830,castar213215,0,438097,1,,2023-12-22T12:26:42
bostrom1lpda25rzye8edn2086pcyh553a2y9wd7qwt7uy,831,,0,4220,8,,2023-12-22T12:44:04
bostrom1n8gqw8jdh73r7w6nuvr0wy6javsjgwt34mszzk,832,,0,110786,4,,2023-12-22T16:23:27
bostrom1n5h3pj2yhwja9r7kq02a0q46ppy8tna0ja2ele,833,,0,38605,1,,2023-12-22T17:47:46
bostrom193f29pj2n8zypqxnqryepakue5s0s4h36zx0q4,834,lunartic,0,4014,1,,2023-12-22T21:43:33
bostrom1nm6qj83m5fas27lf6ywt0w6pfm70wqgyd6japh,835,,0,26710,1,,2023-12-22T21:57:52
